split,sir_db,snr_db_mean,occupancy_mean,row_count,gain_vs_IQFormer,gain_vs_MCLDNN,gain_vs_CSSL,gain_vs_A0
id_test,-10.0,5.089430809020996,0.01906723715364933,246,-0.1780726943837702,-0.14746220884353206,-0.064061520437697,0.04037359605788064
id_test,-10.0,3.746938705444336,0.3128580152988434,245,-0.06320253567785072,-0.03511614577736293,0.10380159677090403,0.09138337804111667
id_test,-10.0,3.220588207244873,0.7757254838943481,272,0.03824301192187668,0.14920432904058117,0.2173612313106132,0.06877691220372538
id_test,-5.0,4.102190017700195,0.015695087611675262,274,-0.16938750887719337,-0.13323521378336478,-0.06596430159157435,0.05737027296579916
id_test,-5.0,5.015625,0.322329044342041,256,-0.1045149490776481,-0.06759354600980419,0.04929532870463377,0.05891549320860038
id_test,-5.0,5.65217399597168,0.7570384740829468,230,0.02568593801256046,0.07320040508178347,0.21102987577064022,0.044480839180245486
id_test,0.0,4.055080890655518,1.016501813277948e-11,1053,-0.04118603129238966,-0.027363500552221892,0.17551477071692942,0.023813773374253805
id_test,0.0,3.203252077102661,0.01834075152873993,246,-0.21675406558370974,-0.15130424229361852,-0.06215935169347726,0.02781384988839757
id_test,0.0,3.254237174987793,0.3103799521923065,236,-0.1913914628987846,-0.16532774143892268,-0.01105132669849725,0.026806300823563656
id_test,0.0,3.4871795177459717,0.759030282497406,234,-0.07487612526389181,-0.021830041789393823,0.15061633172782626,0.04350829182521261
id_test,5.0,4.6885247230529785,0.01643759198486805,244,-0.21642574642780646,-0.1460745803948582,-0.07411248868618965,0.034932667967213296
id_test,5.0,4.940298557281494,0.3283070921897888,268,-0.20595209117632027,-0.12325308339393726,-0.017753688772183897,0.04515584602477696
id_test,5.0,4.901098728179932,0.7713575959205627,273,-0.13369223247691855,-0.09596097238201964,0.025290512076435505,0.06691811325020972
id_test,10.0,3.549999952316284,0.016979070380330086,240,-0.19237519152462493,-0.1462930549152103,-0.07244665389004343,0.03806601968445558
id_test,10.0,3.844897985458374,0.31736359000205994,245,-0.17203387780606413,-0.13369815582021238,-0.06129615837864879,0.04615947006325274
id_test,10.0,4.390041351318359,0.7466716766357422,241,-0.17221034463936316,-0.14536210765108082,-0.09046407452211477,0.051674010230555734
hard_interference,-15.0,4.108108043670654,1.5820710359548684e-06,296,0.07474528491602758,0.0453191541451413,-0.058316412506330975,0.023630031945623287
hard_interference,-15.0,3.8289473056793213,0.14595362544059753,304,0.10430657375148675,0.07094349867111124,0.0666040667363809,0.04916089612592623
hard_interference,-15.0,3.165048599243164,0.3991895616054535,309,0.1233945019466131,0.08974394601217525,0.07852966701623447,0.05950598210459827
hard_interference,-15.0,3.8867924213409424,0.8326082825660706,318,0.11110671256527464,0.1628522040048275,0.1804898594050337,0.03367098687465596
hard_interference,-10.0,3.454545497894287,1.1110095101685147e-06,308,-0.13223834279699748,-0.11791053012661981,-0.06304892588974781,0.03411928686835812
hard_interference,-10.0,4.0,0.13422320783138275,298,-0.08619191878094998,-0.08200250185965462,0.02896559789783839,0.03496923422199331
hard_interference,-10.0,3.152317762374878,0.39452436566352844,302,-0.007999047646372081,0.021540873341061313,0.10056804723034389,0.08695509952544303
hard_interference,-10.0,3.9036145210266113,0.8418202996253967,332,0.05477014561179187,0.168345722393027,0.2485800236587211,0.07081391125273176
hard_interference,-5.0,4.294871807098389,1.4937646710677654e-06,312,-0.15576235777861464,-0.10520132956232717,-0.07575972362705405,0.04409918494409449
hard_interference,-5.0,4.277108669281006,0.138310506939888,332,-0.10603561831833005,-0.10286885045629138,-0.052363493339501035,0.03505477696294221
hard_interference,-5.0,3.0810811519622803,0.39764082431793213,296,-0.05902680096517136,-0.044734960097571205,0.07580535571223511,0.05866069669311731
hard_interference,-5.0,3.8967742919921875,0.8201634287834167,310,-0.009096584358775788,0.07889980204697251,0.2127952383057497,0.023171596917139447
hard_interference,0.0,3.820359230041504,1.1225827165617375e-06,334,-0.1630780245209396,-0.131193600554035,-0.061407913107698074,0.04200083669477507
hard_interference,0.0,3.3291139602661133,0.12973114848136902,316,-0.15801629581625837,-0.13253169781177007,-0.05513895877415871,0.03867112760501932
hard_interference,0.0,4.682215690612793,0.4048621654510498,343,-0.13296764615679796,-0.09164887633846139,0.032167391813000754,0.04173804397353116
hard_interference,0.0,3.075862169265747,0.8389550447463989,290,-0.035191455628933485,0.00513279184791281,0.18793037804325605,0.043560945665179276
unseen_jammer,-10.0,3.8016529083251953,0.008727889508008957,242,-0.19914949407304972,-0.1678195383219792,-0.06630903987901667,0.07181914082823074
unseen_jammer,-10.0,4.27419376373291,0.09595577418804169,248,-0.07765837848512254,-0.11266642881942757,-0.032014309263924824,0.028522710044937838
unseen_jammer,-10.0,4.05042028427124,0.1528322845697403,238,-0.07633330814099241,-0.07671966746631254,-0.04137559590535572,0.004158863555512251
unseen_jammer,-10.0,4.180392265319824,0.6950716972351074,255,-0.15531903105337477,-0.19736459140812898,-0.04609466690676711,0.05051079150060549
unseen_jammer,-5.0,3.17391300201416,0.007778784725815058,276,-0.1912848332969966,-0.17084291720972583,-0.08221369607033581,0.032083607509528864
unseen_jammer,-5.0,4.554621696472168,0.0985495075583458,238,-0.13544663347295413,-0.16405978037211083,-0.058882111718537765,0.020518200252191542
unseen_jammer,-5.0,4.3307085037231445,0.15286292135715485,254,-0.13669996347478092,-0.20010382301692217,-0.062458637761374745,0.0061747161938565135
unseen_jammer,-5.0,3.911646604537964,0.7157866358757019,249,-0.16902403964332535,-0.14811672900122377,0.01242341644481314,0.050495775444424504
unseen_jammer,0.0,4.0,0.009017416276037693,254,-0.2143862864879747,-0.16613338509301223,-0.09769890163114378,0.010554653978781674
unseen_jammer,0.0,5.527426242828369,0.09653346985578537,237,-0.13441016311680276,-0.14532884389004735,-0.03605375928499584,0.0424674511819419
unseen_jammer,0.0,4.127999782562256,0.15261727571487427,250,-0.17253732684857498,-0.16784125718821744,-0.04526409812463582,0.003200877823244802
unseen_jammer,0.0,3.819672107696533,0.7043173313140869,244,-0.16584678798992458,-0.14403196223600315,-0.03922574000767191,0.017014100710829993
unseen_jammer,5.0,4.562770366668701,0.007420635782182217,231,-0.13927348946640244,-0.11077284069663343,-0.04113709087182943,0.02768778664151933
unseen_jammer,5.0,3.7364342212677,0.094664566218853,258,-0.16748079102968952,-0.11466097764964607,-0.035075013979222434,0.041759621090559515
unseen_jammer,5.0,4.007843017578125,0.15213464200496674,255,-0.16970676103187934,-0.1296854873245179,-0.08812035375600133,0.03808779728130104
unseen_jammer,5.0,3.8515284061431885,0.6751642227172852,229,-0.12226296587617495,-0.08182930677418075,-0.02727823980890192,0.05313905201794289
unseen_jammer,10.0,4.056680202484131,0.007697196211665869,247,-0.18822074870551067,-0.13812813367787075,-0.07536918610000462,0.03045274910841751
unseen_jammer,10.0,4.587360382080078,0.09323732554912567,269,-0.20181905234380665,-0.1247320793559625,-0.03329175376515266,0.033953006769607386
unseen_jammer,10.0,4.687747001647949,0.15401005744934082,253,-0.21585698843953485,-0.153361915592284,-0.10822223183487441,0.03980623723826408
unseen_jammer,10.0,4.227106094360352,0.6853682398796082,273,-0.17751061666386397,-0.15532083631510862,-0.07807792888736338,0.04475532338683218
unseen_speed,-10.0,4.358565807342529,9.150242590294511e-07,251,-0.13225204702809482,-0.12584810098146124,-0.07085882133742641,0.044247150664661755
unseen_speed,-10.0,4.262948036193848,0.1354971081018448,251,-0.1116407759857855,-0.1078958932665501,0.033604823873687,0.03429347181863456
unseen_speed,-10.0,2.97478985786438,0.3916289508342743,238,-0.022040377685681584,0.00041703189514472603,0.12365820191310017,0.06285397247451582
unseen_speed,-10.0,3.8339920043945312,0.8073506355285645,253,0.038111659641159513,0.12041780555050505,0.2273561123646405,0.08526293574524627
unseen_speed,-5.0,3.5094339847564697,6.544016173393175e-07,265,-0.1514745617531088,-0.1273184424545661,-0.06333894953327622,0.03988894332871233
unseen_speed,-5.0,4.777292728424072,0.14068831503391266,229,-0.1245795281179618,-0.1113913794991854,-0.014090766028514662,0.037626209813151526
unseen_speed,-5.0,2.909747362136841,0.3931325078010559,277,-0.04870249487796202,-0.046887703326486334,0.10831731474044029,0.07043110938281298
unseen_speed,-5.0,4.447999954223633,0.8187494277954102,250,-0.016339933218167763,0.06935911726682466,0.19342345374837294,0.057539424590557074
unseen_speed,0.0,3.8339920043945312,6.647508712376293e-07,253,-0.18250038494417503,-0.14386889682810564,-0.08256206416757798,0.023329285666458692
unseen_speed,0.0,4.30258321762085,0.13969743251800537,271,-0.16450056371660526,-0.14349627577290375,-0.054823036244744786,0.031904601277644426
unseen_speed,0.0,4.087719440460205,0.39208775758743286,228,-0.16105810961438394,-0.12872343234960265,-0.013967657651344228,0.02087298183920478
unseen_speed,0.0,4.163934230804443,0.811474084854126,244,-0.06054964457101486,0.013789069573670853,0.1912000987542736,0.03527587068766405
unseen_speed,5.0,3.0578513145446777,1.1826550689875148e-06,242,-0.21015599740220242,-0.1566118182780502,-0.06000853662924428,0.01871959014505083
unseen_speed,5.0,3.3700788021087646,0.12591207027435303,254,-0.1911894191431828,-0.15028620393198194,-0.036276413036224905,0.03305760748040376
unseen_speed,5.0,3.3384616374969482,0.3949986398220062,260,-0.1487690033099835,-0.13320983058741562,-0.025411998540096552,0.04228915475333197
unseen_speed,5.0,3.5193798542022705,0.8095350861549377,258,-0.09426920468041292,-0.08194901245642482,0.03355870645341788,0.03376398118659505
unseen_speed,10.0,4.3430962562561035,1.8602996760819224e-06,239,-0.17527296838464065,-0.11379797270267063,-0.07218860356409038,0.0357784399579265
unseen_speed,10.0,4.3183674812316895,0.1308998316526413,245,-0.20229311580309045,-0.1729100354908785,-0.10144359307986273,0.01599052869956833
unseen_speed,10.0,4.947368621826172,0.3909398019313812,247,-0.1525235136032594,-0.11151935777678652,-0.01311638699498573,0.05552877327210197
unseen_speed,10.0,4.122448921203613,0.7991576194763184,245,-0.1645054636218438,-0.13270070619800836,-0.03795152967651049,0.051554889971295426
heldout_channel,-10.0,4.27642297744751,1.1186698429810349e-06,246,-0.16805555003432543,-0.12146179664977064,-0.08668918751891166,0.04308756206622437
heldout_channel,-10.0,4.4285712242126465,0.13857097923755646,252,-0.08901483467867204,-0.09423011809082635,0.01314431003763276,0.046890674312828104
heldout_channel,-10.0,4.007905006408691,0.40962454676628113,253,-0.003823769105458491,0.010399941883753044,0.08250052861309096,0.06587698997130556
heldout_channel,-10.0,3.8181817531585693,0.833103597164154,253,0.04993467704387839,0.15309773226375725,0.21570494475336832,0.06607582669201566
heldout_channel,-5.0,3.646090507507324,7.220389193207666e-07,243,-0.12658005506259368,-0.13806132952146485,-0.06520885322831368,0.022806764844798023
heldout_channel,-5.0,4.5542168617248535,0.14766618609428406,249,-0.14837043748456108,-0.10692524530476658,-0.02598353237340829,0.04602078446098344
heldout_channel,-5.0,3.5058822631835938,0.4072791635990143,255,-0.03701366341785587,-0.04159336361299308,0.054349803375770625,0.03458806862206971
heldout_channel,-5.0,3.7204301357269287,0.8427206873893738,279,0.02063617037097907,0.10498208910936588,0.2178497451959281,0.04497935769130515
heldout_channel,0.0,3.312252998352051,9.793346862352337e-07,253,-0.17283979146593698,-0.1482396512172388,-0.09093201438943975,0.02676688299103442
heldout_channel,0.0,4.722689151763916,0.1359841227531433,238,-0.15564667735676044,-0.1373796486716959,-0.08994628301753389,0.014519261094243101
heldout_channel,0.0,4.308300495147705,0.40088534355163574,253,-0.1308556809262498,-0.10465484049868179,0.016186866089197366,0.023459922797160932
heldout_channel,0.0,3.5185184478759766,0.8183913826942444,216,-0.0330435100893194,0.02459464590898055,0.18618081567064035,0.03980215061196997
heldout_channel,5.0,2.9880478382110596,4.211174768897763e-07,251,-0.17624628401325348,-0.13557861243764427,-0.06117653292377336,0.011021862472993749
heldout_channel,5.0,4.16417932510376,0.14427444338798523,268,-0.15028283438476545,-0.11179666954775551,-0.03938235214652207,0.03804518424899874
heldout_channel,5.0,4.1724138259887695,0.40506041049957275,232,-0.15824547067348488,-0.12650570956926782,-0.0467762463115748,0.03736339440575733
heldout_channel,5.0,4.096774101257324,0.8300572633743286,248,-0.13840390860619814,-0.10680250896154128,0.04702907189895535,0.01567123678074615
heldout_channel,10.0,3.2918288707733154,9.132052696259052e-07,257,-0.1631237733530168,-0.11125994322165493,-0.038715622429881566,0.0321424245154875
heldout_channel,10.0,3.563786029815674,0.14360857009887695,243,-0.1542412255143804,-0.11292728487890114,-0.0562652829337975,0.01971669021187848
heldout_channel,10.0,3.7431907653808594,0.3963271975517273,257,-0.16609196091239276,-0.1457219417351509,-0.054753425613333476,0.036084505994617884
heldout_channel,10.0,4.157480239868164,0.824343204498291,254,-0.1615701119055101,-0.14720840937048457,-0.052802372176038725,0.0403548596481766
combined_ood,-10.0,4.479338645935059,0.007538403384387493,242,-0.20162706681402587,-0.20375876042458954,-0.10362025316437873,0.07403427833364032
combined_ood,-10.0,3.734375,0.0974707156419754,256,-0.08617958299552153,-0.11634770758210906,-0.04435197364854622,0.03558068518550858
combined_ood,-10.0,3.375999927520752,0.15306413173675537,250,-0.09096308113033529,-0.09293867363348522,-0.03779862709252417,0.013755908147773426
combined_ood,-10.0,4.234817981719971,0.7063188552856445,247,-0.13091856451741796,-0.172574950037474,-0.021319700086353498,0.0714844611664989
combined_ood,-5.0,4.738461494445801,0.007503584027290344,260,-0.19583139669277774,-0.1519650012565132,-0.0967911824870729,0.03961550233067811
combined_ood,-5.0,4.0,0.09842167049646378,252,-0.12502499811352116,-0.15214255147981695,-0.01060629581107404,0.03149445539278775
combined_ood,-5.0,4.084941864013672,0.15215817093849182,259,-0.10085839643148065,-0.14196136580427446,-0.022617299055104473,0.0358838027318369
combined_ood,-5.0,3.3064515590667725,0.714368999004364,248,-0.15828841350829595,-0.16154947653918877,-0.020201930522956685,0.06006077123204279
combined_ood,0.0,3.654618501663208,0.007968896999955177,249,-0.1897125768822489,-0.1592031498327333,-0.07982472887530774,0.01723623139937628
combined_ood,0.0,3.3384616374969482,0.09926582872867584,260,-0.23019779707160035,-0.1778826105463009,-0.05513700452215327,0.01254603766486428
combined_ood,0.0,4.0,0.15233419835567474,250,-0.14808641430461114,-0.12055373287157194,-0.014650994473733619,0.023486834118133598
combined_ood,0.0,3.1225297451019287,0.683147668838501,253,-0.12296824187167243,-0.15042277011011254,-0.014714847907321133,0.012033475172061242
combined_ood,5.0,3.781376600265503,0.0076272012665867805,247,-0.2058467260343154,-0.15616173092564156,-0.08012324970869088,0.024549786508932643
combined_ood,5.0,3.991701126098633,0.09955613315105438,241,-0.1483269044879299,-0.12534608742494274,-0.04129461845927028,0.029587126453665513
combined_ood,5.0,3.130044937133789,0.15344737470149994,223,-0.19882833402239058,-0.15015778505795999,-0.0674360391333458,0.038901955836647115
combined_ood,5.0,4.192592620849609,0.6749234795570374,270,-0.1898522114390096,-0.14295140756963862,-0.04500995861737747,0.05447182421682841
combined_ood,10.0,3.0158729553222656,0.007299841847270727,252,-0.17109139182013056,-0.11612206657909215,-0.031197587669229254,0.017762737798163536
combined_ood,10.0,3.9751036167144775,0.09715275466442108,241,-0.2055508764835548,-0.17303814179954788,-0.0853295588934881,0.02311342701369599
combined_ood,10.0,4.089552402496338,0.1524384766817093,268,-0.1776638842305,-0.09496539588697768,-0.05950253125660261,0.005173376388841122
combined_ood,10.0,4.155172348022461,0.6935392022132874,232,-0.21591875154017037,-0.14911200100307004,-0.08767312816658739,0.04832219542511283
clean_retention,0.0,4.257599830627441,0.0,5000,-0.1913871266688684,-0.14091846514067727,-0.09693336064889325,0.029959733675024015
