regime,snr_db,occupancy_mean,row_count,usable,f1_a5_vimd_full_mean,f1_mcldnn_reimplementation_mean,f1_iqformer_inspired_mean,gain_vs_IQFormer,gain_vs_MCLDNN
s5_severe_r1,-10.0,0.007838413252797544,191,True,0.15288503846989349,0.08843966935032348,0.09760999543453572,0.05527504303535777,0.06444536911957001
s5_severe_r1,-10.0,0.09641178331530846,222,True,0.08050796540032316,0.07339368215646964,0.07237511747714032,0.008132847923182848,0.00711428324385352
s5_severe_r1,-10.0,0.14973359143556053,201,True,0.05654153646060478,0.05111820682616752,0.04811715074284267,0.008424385717762113,0.005423329634437257
s5_severe_r1,-10.0,0.6424779343493108,213,True,0.094629670677894,0.11581716514261615,0.08058233714694554,0.014047333530948461,-0.02118749446472215
s5_severe_r1,-6.0,0.0074126991476675605,213,True,0.2684892988507775,0.2939121388172591,0.1562959883656963,0.11219331048508119,-0.025422839966481592
s5_severe_r1,-6.0,0.09475124760397843,196,True,0.09025345967789068,0.0746086149281123,0.06395077919589914,0.02630268048199154,0.015644844749778383
s5_severe_r1,-6.0,0.14996713605966974,188,True,0.09099202844344295,0.08726560560386898,0.054264465101991496,0.036727563341451455,0.003726422839573973
s5_severe_r1,-6.0,0.6862930160421896,211,True,0.12094792699185315,0.212978884901755,0.15884450572637634,-0.03789657873452319,-0.09203095790990186
s5_severe_r1,-2.0,0.00788690540151477,178,True,0.2949565118279157,0.4967524473911366,0.30910700526823814,-0.014150493440322431,-0.2017959355632209
s5_severe_r1,-2.0,0.09499757191037188,202,True,0.13746789423548372,0.16565673498799244,0.09015577253833003,0.047312121697153695,-0.028188840752508715
s5_severe_r1,-2.0,0.15136968111865734,189,True,0.10871361474306744,0.10806706685019658,0.08525507197426754,0.023458542768799898,0.0006465478928708579
s5_severe_r1,-2.0,0.6653947226776935,202,True,0.15604225758204393,0.3438232215919479,0.21211732257500202,-0.056075064992958085,-0.18778096400990396
s5_severe_r1,2.0,0.007008752265654639,194,True,0.35564686816349833,0.589004906267445,0.43391845429834214,-0.0782715861348438,-0.23335803810394662
s5_severe_r1,2.0,0.09728807438287376,213,True,0.09271284357857798,0.1939613085355008,0.11211718918863063,-0.01940434561005265,-0.10124846495692283
s5_severe_r1,2.0,0.14983165721182062,238,True,0.07412760246853947,0.07361573878106123,0.07193362378200058,0.0021939786865388944,0.0005118636874782423
s5_severe_r1,2.0,0.6619319860170136,201,True,0.24860779756992607,0.5119174976568853,0.31375413167478905,-0.06514633410486298,-0.26330970008695925
s5_severe_r1,6.0,0.007777806729388032,221,True,0.3716586307931252,0.6582024268530248,0.48838325573945607,-0.11672462494633085,-0.28654379605989955
s5_severe_r1,6.0,0.09547642029043454,201,True,0.17472304455754165,0.2825829195339325,0.20121259799767324,-0.026489553440131597,-0.10785987497639085
s5_severe_r1,6.0,0.14969937153126237,217,True,0.15872176986111616,0.15738205949684458,0.15270082414271002,0.00602094571840614,0.001339710364271579
s5_severe_r1,6.0,0.662940048679863,194,True,0.2457668819117816,0.5581683767227538,0.3427311023656903,-0.09696422045390873,-0.3124014948109722
s5_severe_r1,10.0,0.006385696949706393,186,True,0.3986608285938173,0.6819843194795634,0.5353623376257152,-0.13670150903189787,-0.2833234908857461
s5_severe_r1,10.0,0.09461905206870107,206,True,0.11658951526500312,0.2707994074085671,0.21532755315004018,-0.09873803788503706,-0.154209892143564
s5_severe_r1,10.0,0.1514575700502138,185,True,0.10490067652303245,0.12112712317265,0.08269934265094106,0.02220133387209139,-0.016226446649617546
s5_severe_r1,10.0,0.6934206922949874,197,True,0.21325541914096036,0.5787468525292713,0.35086469413208066,-0.1376092749911203,-0.3654914333883109
s5_severe_r1,14.0,0.008009322572909637,218,True,0.3932651918542261,0.6796087730364944,0.5308779839020615,-0.13761279204783544,-0.28634358118226827
s5_severe_r1,14.0,0.0945175477190987,182,True,0.15616473653327173,0.22985203274348215,0.1751248476655451,-0.01896011113227336,-0.07368729621021042
s5_severe_r1,14.0,0.15194405067611386,185,True,0.10258291962642685,0.10841552606642327,0.10203794075265293,0.0005449788737739159,-0.005832606439996418
s5_severe_r1,14.0,0.6604701219137106,177,True,0.24450751121008202,0.5846435096711391,0.3614845116617281,-0.11697700045164611,-0.3401359984610571
s5_severe_r1,18.0,0.006911745992250478,199,True,0.4207676091307456,0.6818502912634679,0.5274361731532591,-0.10666856402251346,-0.26108268213272223
s5_severe_r1,18.0,0.10039067565557662,178,True,0.17511667713093743,0.252009147817713,0.20216474331515832,-0.027048066184220898,-0.07689247068677557
s5_severe_r1,18.0,0.15028934914448538,197,True,0.06992895412975268,0.10165085696598383,0.06150482623636257,0.008424127893390115,-0.03172190283623115
s5_severe_r1,18.0,0.6841496852839866,205,True,0.25294570613604594,0.5596924238145717,0.37727037426849874,-0.1243246681324528,-0.3067467176785258
s5_severe_r2,-10.0,0.008682821551509037,170,True,0.16828366222209967,0.10762465191421033,0.11908188319241139,0.04920177902968828,0.06065901030788934
s5_severe_r2,-10.0,0.10153913536583478,212,True,0.08007631540242771,0.07944478280799624,0.05376039502013345,0.02631592038229426,0.0006315325944314665
s5_severe_r2,-10.0,0.15391754014151438,175,True,0.04023308048301403,0.03456909083410868,0.03983421345617432,0.0003988670268397082,0.005663989648905347
s5_severe_r2,-10.0,0.6995350874730669,227,True,0.1084129692438957,0.11155400260815165,0.08565360370868656,0.02275936553520913,-0.00314103336425596
s5_severe_r2,-6.0,0.00760792848196552,215,True,0.215590158225924,0.2513871530218873,0.1724567038465013,0.0431334543794227,-0.035796994795963294
s5_severe_r2,-6.0,0.10178463987967107,191,True,0.10752038440890528,0.12178778271502053,0.07278208306341669,0.034738301345488595,-0.014267398306115245
s5_severe_r2,-6.0,0.15469139331468829,216,True,0.14344646871205416,0.11963659968015687,0.13497172286511497,0.008474745846939191,0.023809869031897288
s5_severe_r2,-6.0,0.7331446740734443,178,True,0.1612670979782057,0.21907287130525305,0.15104280945352094,0.010224288524684766,-0.05780577332704734
s5_severe_r2,-2.0,0.008731641634797756,211,True,0.3137943654934378,0.4640735583640555,0.2882986423220514,0.02549572317138643,-0.1502791928706177
s5_severe_r2,-2.0,0.10087840928855338,193,True,0.11105502435119544,0.17118024961600872,0.08826219947799319,0.02279282487320225,-0.06012522526481329
s5_severe_r2,-2.0,0.152390762948646,208,True,0.07615234546597696,0.0640818579476343,0.050154094621884505,0.025998250844092456,0.012070487518342665
s5_severe_r2,-2.0,0.7229567112282236,188,True,0.17544208047976811,0.40932488116325355,0.24947104654861563,-0.07402896606884751,-0.23388280068348544
s5_severe_r2,2.0,0.008692806229572848,179,True,0.331016330544357,0.5515395936138062,0.3926325795489997,-0.06161624900464274,-0.22052326306944925
s5_severe_r2,2.0,0.10007559655691092,212,True,0.129537915305651,0.20859884743644294,0.1428810273108288,-0.013343112005177793,-0.07906093213079193
s5_severe_r2,2.0,0.15162082184583714,195,True,0.15051316775819584,0.1453555259808818,0.1386639370266591,0.011849230731536736,0.005157641777314037
s5_severe_r2,2.0,0.6795405530034097,213,True,0.17223343215226122,0.47924617450767615,0.28389457520773453,-0.11166114305547331,-0.3070127423554149
s5_severe_r2,6.0,0.007571698228855604,207,True,0.3631858936114304,0.6384221971065653,0.48348208306993923,-0.12029618945850884,-0.27523630349513495
s5_severe_r2,6.0,0.10101081741992961,194,True,0.105389890933102,0.2222020817898002,0.19119512049048207,-0.08580522955738007,-0.1168121908566982
s5_severe_r2,6.0,0.15199496331738263,205,True,0.08100916919321019,0.08314958649631501,0.0777885449835496,0.003220624209660586,-0.0021404173031048246
s5_severe_r2,6.0,0.6872510866881496,221,True,0.23529725563869058,0.5762754131947482,0.3371050847823088,-0.10180782914361819,-0.3409781575560576
s5_severe_r2,10.0,0.008534780377215756,190,True,0.38324284797155406,0.666924589020687,0.5006444767610883,-0.1174016287895342,-0.2836817410491329
s5_severe_r2,10.0,0.09820488265309578,195,True,0.140275118039559,0.24961620452231797,0.1674061533411769,-0.027131035301617895,-0.10934108648275898
s5_severe_r2,10.0,0.15384670964094124,198,True,0.14179876706380842,0.1508104057688231,0.11941007355579643,0.022388693508011995,-0.009011638705014674
s5_severe_r2,10.0,0.703677798122973,185,True,0.2385855182320041,0.582723417527035,0.3545515510701141,-0.11596603283811,-0.3441378992950309
s5_severe_r2,14.0,0.0091103782771591,218,True,0.4066458994903496,0.6721041239480765,0.5211607773821376,-0.11451487789178799,-0.2654582244577269
s5_severe_r2,14.0,0.10616902333896348,202,True,0.1747117717493914,0.24643156557992874,0.16843774576741938,0.00627402598197202,-0.07171979383053734
s5_severe_r2,14.0,0.15252278790102533,199,True,0.05765939702161767,0.07038950165282032,0.06301688749427545,-0.0053574904726577804,-0.012730104631202652
s5_severe_r2,14.0,0.7081553442159872,191,True,0.22857825559569211,0.5897546902472999,0.34959475798909184,-0.12101650239339973,-0.36117643465160776
s5_severe_r2,18.0,0.008495729910680979,210,True,0.40405226954617496,0.6872257892478365,0.5034691272057065,-0.09941685765953151,-0.28317351970166155
s5_severe_r2,18.0,0.10327667081311567,201,True,0.14445597625625886,0.22898052477019387,0.12512854601944273,0.01932743023681613,-0.08452454851393501
s5_severe_r2,18.0,0.15468930117055482,204,True,0.10911816824249265,0.11731859343062574,0.09879624099410665,0.010321927248386,-0.00820042518813309
s5_severe_r2,18.0,0.6906582924163887,197,True,0.2295118012760406,0.6107915808269261,0.3553646521618286,-0.12585285088578801,-0.3812797795508855
