regime,stratum_type,stratum,candidate,reference,reference_short,row_count,macro_f1_difference,macro_f1_ci95_low,macro_f1_ci95_high,macro_f1_seed_std,accuracy_difference,accuracy_ci95_low,accuracy_ci95_high,bootstrap_draws,bootstrap_seed,algorithm_seed_count
combined_ood,jammer_family,pulse,a5_vimd_full,a0_backbone,A0,2519,0.044911986792296,0.0289865614946204,0.0589626549048689,0.0199388887534508,0.0418420007939658,0.0279456133386264,0.0545265978562921,1500,20260812,10
combined_ood,jammer_family,pulse,a5_vimd_full,cssl_amc_supervised_adaptation,CSSL,2519,-0.0493252883530508,-0.0639942242738534,-0.0348610362059106,0.011834679001307,-0.0334259626836046,-0.0471843985708614,-0.0195901151250496,1500,20260812,10
combined_ood,jammer_family,pulse,a5_vimd_full,iqformer_inspired,IQFormer,2519,-0.1753140656972131,-0.1919052979450941,-0.159142856230237,0.0187368846961375,-0.16732830488289,-0.1834666534339023,-0.1520801905518062,1500,20260812,10
combined_ood,jammer_family,ofdm_like,a5_vimd_full,a0_backbone,A0,2481,0.0267154444301249,0.0124099912172413,0.0399563948970831,0.0188693850569502,0.0196694881096332,0.0088865376864167,0.0298286981056025,1500,20260812,10
combined_ood,jammer_family,ofdm_like,a5_vimd_full,cssl_amc_supervised_adaptation,CSSL,2481,-0.038284925739906,-0.0528195102949213,-0.0238009889633095,0.0126650146118377,-0.0334542523176138,-0.0471604191858121,-0.0197652156388553,1500,20260812,10
combined_ood,jammer_family,ofdm_like,a5_vimd_full,iqformer_inspired,IQFormer,2481,-0.1483491362602366,-0.1667390638771785,-0.1312679250765727,0.0209513233410176,-0.1515517936316001,-0.1678567110036275,-0.1369205965336558,1500,20260812,10
combined_ood,target_profile_index,1,a5_vimd_full,a0_backbone,A0,2461,0.0387287445293601,0.0248340885286344,0.0531641575684832,0.0188240268021588,0.0330353514831369,0.0207019504266558,0.0448425436814303,1500,20260812,10
combined_ood,target_profile_index,1,a5_vimd_full,cssl_amc_supervised_adaptation,CSSL,2461,-0.0398563875113234,-0.0563259934444423,-0.0247197003634812,0.0143267204483695,-0.031938236489232,-0.0474004469727753,-0.0177275497765136,1500,20260812,10
combined_ood,target_profile_index,1,a5_vimd_full,iqformer_inspired,IQFormer,2461,-0.1726839925497356,-0.1904149758427834,-0.1547895105532225,0.0211681169879996,-0.1698090207232832,-0.1871017878911011,-0.1528240552620886,1500,20260812,10
combined_ood,target_profile_index,4,a5_vimd_full,a0_backbone,A0,2539,0.0351411895398712,0.0214394626206207,0.0484663772799373,0.0166130553990734,0.0287120913745569,0.0185112248916896,0.0395076801890507,1500,20260812,10
combined_ood,target_profile_index,4,a5_vimd_full,cssl_amc_supervised_adaptation,CSSL,2539,-0.0426500998914717,-0.057289946043608,-0.0272658549457495,0.0126094161509243,-0.0348956282000787,-0.0485831035840882,-0.0207709728239464,1500,20260812,10
combined_ood,target_profile_index,4,a5_vimd_full,iqformer_inspired,IQFormer,2539,-0.1515801130911621,-0.1668769430232029,-0.1358898530978287,0.0171065034355241,-0.1495076801890507,-0.1635909807010634,-0.1347774714454509,1500,20260812,10
combined_ood,speed_kmh,180,a5_vimd_full,a0_backbone,A0,2495,0.0403341399363526,0.0287203959857611,0.0536082732489548,0.0160930750315115,0.0333466933867735,0.0232044088176352,0.0436683366733466,1500,20260812,10
combined_ood,speed_kmh,180,a5_vimd_full,cssl_amc_supervised_adaptation,CSSL,2495,-0.0355455170540396,-0.0501529738967802,-0.0199846757738124,0.0133671416944285,-0.0290581162324649,-0.0427464929859719,-0.0143276553106212,1500,20260812,10
combined_ood,speed_kmh,180,a5_vimd_full,iqformer_inspired,IQFormer,2495,-0.1569363692702486,-0.1732400665159249,-0.1387905947633279,0.0204450832861187,-0.1559118236472945,-0.1707434869739479,-0.1401182364729458,1500,20260812,10
combined_ood,speed_kmh,250,a5_vimd_full,a0_backbone,A0,2505,0.0335551440316429,0.0198512908021574,0.0482881072697884,0.018861769433223,0.0283433133732535,0.0164660678642714,0.0402205588822355,1500,20260812,10
combined_ood,speed_kmh,250,a5_vimd_full,cssl_amc_supervised_adaptation,CSSL,2505,-0.0465700351771986,-0.0609189645276696,-0.0316221129242232,0.0113209249995974,-0.0378043912175648,-0.0511397205588822,-0.0231117764471057,1500,20260812,10
combined_ood,speed_kmh,250,a5_vimd_full,iqformer_inspired,IQFormer,2505,-0.1669942999657657,-0.1827250223756291,-0.1507790326494607,0.0177056440355471,-0.1630738522954091,-0.178064870259481,-0.1477425149700598,1500,20260812,10
combined_ood,occupancy_quartile,"Q1 [0.000,0.032]",a5_vimd_full,a0_backbone,A0,1250,0.038373232034309,0.0202769143324835,0.0556652309043946,0.0222627892849285,0.0366399999999999,0.019276,0.0526859999999999,1500,20260812,10
combined_ood,occupancy_quartile,"Q1 [0.000,0.032]",a5_vimd_full,cssl_amc_supervised_adaptation,CSSL,1250,-0.0703444279200882,-0.0908288386110395,-0.0492508874684197,0.0158853647514097,-0.04992,-0.069646,-0.029558,1500,20260812,10
combined_ood,occupancy_quartile,"Q1 [0.000,0.032]",a5_vimd_full,iqformer_inspired,IQFormer,1250,-0.1915228482422704,-0.2125574656454291,-0.1693211396711453,0.0219198522076636,-0.18176,-0.2018019999999999,-0.1604,1500,20260812,10
combined_ood,occupancy_quartile,"Q2 [0.032,0.135]",a5_vimd_full,a0_backbone,A0,1250,0.0299086041248786,0.011507390657823,0.0471131844556203,0.0212018805391426,0.02232,0.007756,0.0360539999999999,1500,20260812,10
combined_ood,occupancy_quartile,"Q2 [0.032,0.135]",a5_vimd_full,cssl_amc_supervised_adaptation,CSSL,1250,-0.0393403920983301,-0.063657914230344,-0.0170577812929772,0.0238187980796777,-0.0432799999999999,-0.063806,-0.024118,1500,20260812,10
combined_ood,occupancy_quartile,"Q2 [0.032,0.135]",a5_vimd_full,iqformer_inspired,IQFormer,1250,-0.1598022640689525,-0.1845418494767387,-0.135356498351187,0.0248314752640618,-0.1611199999999999,-0.181844,-0.1416,1500,20260812,10
combined_ood,occupancy_quartile,"Q3 [0.135,0.214]",a5_vimd_full,a0_backbone,A0,1250,0.023513287716839,0.0018223206386296,0.0466219111568662,0.0264237726120974,0.01616,0.001596,0.0312,1500,20260812,10
combined_ood,occupancy_quartile,"Q3 [0.135,0.214]",a5_vimd_full,cssl_amc_supervised_adaptation,CSSL,1250,-0.0206870688945536,-0.0484719081006138,0.0123295311754171,0.0152314556057419,-0.03704,-0.054122,-0.017714,1500,20260812,10
combined_ood,occupancy_quartile,"Q3 [0.135,0.214]",a5_vimd_full,iqformer_inspired,IQFormer,1250,-0.1335038672138973,-0.158238048305967,-0.10694176203213,0.0201996596119604,-0.1528,-0.173764,-0.132194,1500,20260812,10
combined_ood,occupancy_quartile,"Q4 [0.214,0.995]",a5_vimd_full,a0_backbone,A0,1250,0.0517645388822736,0.0326761158503181,0.0691662697506182,0.0199764570201872,0.04824,0.033516,0.0635319999999999,1500,20260812,10
combined_ood,occupancy_quartile,"Q4 [0.214,0.995]",a5_vimd_full,cssl_amc_supervised_adaptation,CSSL,1250,-0.0281887732641765,-0.0491548099449981,-0.0057883966591173,0.0133880660878467,-0.0035199999999999,-0.02344,0.0172039999999999,1500,20260812,10
combined_ood,occupancy_quartile,"Q4 [0.214,0.995]",a5_vimd_full,iqformer_inspired,IQFormer,1250,-0.1574695008286321,-0.1801637155841123,-0.1351489388851217,0.020291114026951,-0.14232,-0.161962,-0.122118,1500,20260812,10
id_test,jammer_family,tone,a5_vimd_full,a0_backbone,A0,643,0.0456771290635778,0.0212015748773395,0.0701099776807853,0.0272248313765963,0.0461897356143079,0.0222239502332814,0.0699844479004665,1500,20260812,10
id_test,jammer_family,tone,a5_vimd_full,cssl_amc_supervised_adaptation,CSSL,643,0.0312238447750875,-0.00381207806786,0.0670870778871464,0.0271009439983642,0.0547433903576983,0.0206687402799377,0.0894245723172628,1500,20260812,10
id_test,jammer_family,tone,a5_vimd_full,iqformer_inspired,IQFormer,643,-0.1421811888240622,-0.1713965963884404,-0.1119396474135316,0.0228265403211714,-0.1315707620528771,-0.16049766718507,-0.1001555209953343,1500,20260812,10
id_test,jammer_family,multitone,a5_vimd_full,a0_backbone,A0,688,0.0493773633551883,0.0305581020678048,0.0684110824948876,0.0104622993636217,0.046656976744186,0.0286337209302325,0.0659956395348836,1500,20260812,10
id_test,jammer_family,multitone,a5_vimd_full,cssl_amc_supervised_adaptation,CSSL,688,0.0003503604061547,-0.0306426424468945,0.0293691575188674,0.0200370303160245,0.0263081395348837,-0.0036337209302325,0.0541533430232557,1500,20260812,10
id_test,jammer_family,multitone,a5_vimd_full,iqformer_inspired,IQFormer,688,-0.1445709039487895,-0.1761001204099317,-0.1124877921555221,0.0247428763539672,-0.1334302325581395,-0.1646111918604651,-0.1030450581395349,1500,20260812,10
id_test,jammer_family,chirp,a5_vimd_full,a0_backbone,A0,664,0.0247338318960209,0.0041814374671122,0.0454039574343437,0.0222270952667085,0.0234939759036144,0.0039156626506024,0.042699548192771,1500,20260812,10
id_test,jammer_family,chirp,a5_vimd_full,cssl_amc_supervised_adaptation,CSSL,664,-0.0168590144269281,-0.0456893936226968,0.0140008050312895,0.0120588479876399,0.0213855421686747,-0.0071573795180722,0.0510617469879517,1500,20260812,10
id_test,jammer_family,chirp,a5_vimd_full,iqformer_inspired,IQFormer,664,-0.1670320550581503,-0.1966707604366931,-0.1377917570795853,0.0211285113788368,-0.1367469879518072,-0.165519578313253,-0.1090210843373494,1500,20260812,10
id_test,jammer_family,sweep,a5_vimd_full,a0_backbone,A0,694,0.0483527825560354,0.0295721668939224,0.0662433851915451,0.0093298303946133,0.0446685878962536,0.0257096541786743,0.0627557636887607,1500,20260812,10
id_test,jammer_family,sweep,a5_vimd_full,cssl_amc_supervised_adaptation,CSSL,694,-0.0458927692300514,-0.072215020260771,-0.0211104331615254,0.0151156679999461,-0.0207492795389049,-0.0472838616714697,0.0044668587896253,1500,20260812,10
id_test,jammer_family,sweep,a5_vimd_full,iqformer_inspired,IQFormer,694,-0.1978643952395061,-0.2235956775144348,-0.1699884074739267,0.0121149272883589,-0.1773775216138328,-0.2038904899135446,-0.1506448126801153,1500,20260812,10
id_test,jammer_family,partial_band,a5_vimd_full,a0_backbone,A0,642,0.0474104295968285,0.0267267786438937,0.0693491379558731,0.0199989556661589,0.0454828660436137,0.0244548286604361,0.0671339563862928,1500,20260812,10
id_test,jammer_family,partial_band,a5_vimd_full,cssl_amc_supervised_adaptation,CSSL,642,0.0014770652531901,-0.0286895523459784,0.0310202112635016,0.0146421060062965,0.0205607476635514,-0.0060825545171339,0.0468107476635513,1500,20260812,10
id_test,jammer_family,partial_band,a5_vimd_full,iqformer_inspired,IQFormer,642,-0.1460184300535465,-0.178380413715739,-0.1138970562683109,0.0236888919667246,-0.1373831775700934,-0.1682242990654205,-0.1063045171339564,1500,20260812,10
id_test,jammer_family,comb,a5_vimd_full,a0_backbone,A0,669,0.0836592511713932,0.061833104877866,0.1056507034502574,0.0152957024920349,0.0774289985052317,0.0566517189835575,0.0993310911808669,1500,20260812,10
id_test,jammer_family,comb,a5_vimd_full,cssl_amc_supervised_adaptation,CSSL,669,0.0920195412194585,0.0578796425141236,0.1269252234706854,0.0294273308533981,0.116591928251121,0.0829596412556053,0.151498505231689,1500,20260812,10
id_test,jammer_family,comb,a5_vimd_full,iqformer_inspired,IQFormer,669,-0.0487708306311511,-0.0837970490103605,-0.0144121782050335,0.0299506764548027,-0.0340807174887892,-0.0674925261584454,-0.0007473841554559,1500,20260812,10
id_test,jammer_family,none,a5_vimd_full,a0_backbone,A0,1000,0.0682025737326162,0.0495199128100254,0.0863670361253261,0.0218958011817502,0.077,0.0533475,0.1003099999999999,1500,20260812,10
id_test,jammer_family,none,a5_vimd_full,cssl_amc_supervised_adaptation,CSSL,1000,0.1341635651094854,0.1103934662576285,0.1595622419843247,0.030255460617032,0.178,0.1478,0.2084575,1500,20260812,10
id_test,jammer_family,none,a5_vimd_full,iqformer_inspired,IQFormer,1000,-0.0622376747954751,-0.0849449373641118,-0.0358457396078826,0.0341628602584202,-0.0751999999999999,-0.1090525,-0.0357425,1500,20260812,10
id_test,target_profile_index,0,a5_vimd_full,a0_backbone,A0,1566,0.0561678276625252,0.0435421678058592,0.0689697033808287,0.0091755855906678,0.0551085568326947,0.0421120689655172,0.0684546615581098,1500,20260812,10
id_test,target_profile_index,0,a5_vimd_full,cssl_amc_supervised_adaptation,CSSL,1566,0.0490656483655215,0.0299901288416539,0.0683158809420646,0.0120621904306105,0.0647509578544061,0.0462324393358876,0.0837803320561941,1500,20260812,10
id_test,target_profile_index,0,a5_vimd_full,iqformer_inspired,IQFormer,1566,-0.1310944274535719,-0.1508703070513619,-0.110592055236078,0.0167678854774826,-0.1236270753512132,-0.1427905491698595,-0.1036701787994891,1500,20260812,10
id_test,target_profile_index,2,a5_vimd_full,a0_backbone,A0,1760,0.0582359464587966,0.0423966115524322,0.0721796753623153,0.0153792393524997,0.0549431818181818,0.0414474431818181,0.0677840909090909,1500,20260812,10
id_test,target_profile_index,2,a5_vimd_full,cssl_amc_supervised_adaptation,CSSL,1760,0.052020071666608,0.0338331868370016,0.070397115332003,0.0134166367414482,0.0644318181818181,0.0462357954545454,0.0821022727272727,1500,20260812,10
id_test,target_profile_index,2,a5_vimd_full,iqformer_inspired,IQFormer,1760,-0.1183632816747411,-0.1367553884590355,-0.0989169162767674,0.0170540194028417,-0.11375,-0.1333252840909091,-0.0937713068181818,1500,20260812,10
id_test,target_profile_index,3,a5_vimd_full,a0_backbone,A0,1674,0.0503856847665879,0.0381313724694644,0.0630564946259572,0.0114796067131375,0.0498207885304659,0.0368862007168458,0.0630256869772998,1500,20260812,10
id_test,target_profile_index,3,a5_vimd_full,cssl_amc_supervised_adaptation,CSSL,1674,0.0470996652016886,0.029075587712581,0.066158105637922,0.0121473898415535,0.0642174432497013,0.0460827359617682,0.082258064516129,1500,20260812,10
id_test,target_profile_index,3,a5_vimd_full,iqformer_inspired,IQFormer,1674,-0.1194422602337657,-0.1422629337153519,-0.0949816032234292,0.0274420996491511,-0.1091397849462365,-0.1308587216248506,-0.0864366786140979,1500,20260812,10
id_test,speed_kmh,0,a5_vimd_full,a0_backbone,A0,1244,0.0628992529867194,0.0483331655311621,0.0779361209911193,0.0134947601795313,0.0618167202572347,0.0473854501607717,0.0774155948553054,1500,20260812,10
id_test,speed_kmh,0,a5_vimd_full,cssl_amc_supervised_adaptation,CSSL,1244,0.0436663131805434,0.0234236891748848,0.0645919122225829,0.0115398278301139,0.0593247588424437,0.0391479099678456,0.0809525723472668,1500,20260812,10
id_test,speed_kmh,0,a5_vimd_full,iqformer_inspired,IQFormer,1244,-0.1101124549840653,-0.1318411349902344,-0.0861089971501258,0.023364514124292,-0.102491961414791,-0.1242504019292604,-0.0787359324758842,1500,20260812,10
id_test,speed_kmh,60,a5_vimd_full,a0_backbone,A0,1214,0.0542726817525291,0.03930126995175,0.0691360499128501,0.0123840715506628,0.0537067545304777,0.0380127677100494,0.0692792421746293,1500,20260812,10
id_test,speed_kmh,60,a5_vimd_full,cssl_amc_supervised_adaptation,CSSL,1214,0.0565672110741372,0.03407401621979,0.0790793843310221,0.0162862243841771,0.0696046128500823,0.0478974464579901,0.0912685337726524,1500,20260812,10
id_test,speed_kmh,60,a5_vimd_full,iqformer_inspired,IQFormer,1214,-0.1152187539645051,-0.1389189285682563,-0.0918720619009287,0.018505994323954,-0.1102141680395387,-0.1333607907742998,-0.0881775123558484,1500,20260812,10
id_test,speed_kmh,120,a5_vimd_full,a0_backbone,A0,1273,0.0396884557297095,0.0248131063408275,0.053869160979425,0.0113283907616802,0.0373919874312647,0.0236449332285938,0.0505891594658287,1500,20260812,10
id_test,speed_kmh,120,a5_vimd_full,cssl_amc_supervised_adaptation,CSSL,1273,0.0455560919057883,0.025621594338766,0.0663590566112405,0.0123579061116083,0.0648860958366064,0.0444206598586017,0.0863315003927729,1500,20260812,10
id_test,speed_kmh,120,a5_vimd_full,iqformer_inspired,IQFormer,1273,-0.1283926266104126,-0.150144441429425,-0.1043650427382457,0.0215726310167027,-0.1185388845247447,-0.1401826394344069,-0.0946956009426551,1500,20260812,10
id_test,speed_kmh,150,a5_vimd_full,a0_backbone,A0,1269,0.0640678030649039,0.050439121440085,0.0787961473821158,0.0127272899204811,0.0604412923561859,0.0468873128447596,0.0738002364066193,1500,20260812,10
id_test,speed_kmh,150,a5_vimd_full,cssl_amc_supervised_adaptation,CSSL,1269,0.0526109665791596,0.0304309226881274,0.0749185779729194,0.0187081771331333,0.0641449960598896,0.0421591804570527,0.0871178092986603,1500,20260812,10
id_test,speed_kmh,150,a5_vimd_full,iqformer_inspired,IQFormer,1269,-0.1374861383881165,-0.1607506989346588,-0.1154286342589586,0.021051101918615,-0.1294720252167061,-0.1522084318360914,-0.1074408983451537,1500,20260812,10
id_test,occupancy_quartile,"Q1 [0.000,0.000]",a5_vimd_full,a0_backbone,A0,1250,0.0471362997454427,0.0212503129465991,0.074406312622307,0.0265790369863284,0.06944,0.049916,0.0882019999999999,1500,20260812,10
id_test,occupancy_quartile,"Q1 [0.000,0.000]",a5_vimd_full,cssl_amc_supervised_adaptation,CSSL,1250,0.1076820117457834,0.0767300758616941,0.1396394106430866,0.026967859203544,0.1359199999999999,0.1090739999999999,0.162682,1500,20260812,10
id_test,occupancy_quartile,"Q1 [0.000,0.000]",a5_vimd_full,iqformer_inspired,IQFormer,1250,-0.1000677808176339,-0.1450906475740858,-0.0548357233109781,0.0469203506491058,-0.0969599999999999,-0.125722,-0.0649820000000001,1500,20260812,10
id_test,occupancy_quartile,"Q2 [0.000,0.126]",a5_vimd_full,a0_backbone,A0,1250,0.0410076508483639,0.0261118957460603,0.0540362445442198,0.0122424328916948,0.0389599999999999,0.02488,0.0528419999999999,1500,20260812,10
id_test,occupancy_quartile,"Q2 [0.000,0.126]",a5_vimd_full,cssl_amc_supervised_adaptation,CSSL,1250,-0.0649514091250645,-0.0846927312877214,-0.0442534282366627,0.0139918201901217,-0.044,-0.064042,-0.023638,1500,20260812,10
id_test,occupancy_quartile,"Q2 [0.000,0.126]",a5_vimd_full,iqformer_inspired,IQFormer,1250,-0.1925943795245041,-0.2148818329570178,-0.1686198708227521,0.0216029746013706,-0.18056,-0.20344,-0.156396,1500,20260812,10
id_test,occupancy_quartile,"Q3 [0.126,0.454]",a5_vimd_full,a0_backbone,A0,1250,0.0551503634735602,0.0406807001075315,0.0694630902236986,0.0079166186877706,0.05304,0.038156,0.06896,1500,20260812,10
id_test,occupancy_quartile,"Q3 [0.126,0.454]",a5_vimd_full,cssl_amc_supervised_adaptation,CSSL,1250,0.0139826411706826,-0.0087206292568581,0.0385321241429533,0.0154104788990537,0.0376,0.01576,0.0622819999999999,1500,20260812,10
id_test,occupancy_quartile,"Q3 [0.126,0.454]",a5_vimd_full,iqformer_inspired,IQFormer,1250,-0.1460076509991118,-0.1685168628158829,-0.1212046383748853,0.0143746802962157,-0.1313599999999999,-0.152842,-0.106758,1500,20260812,10
id_test,occupancy_quartile,"Q4 [0.454,1.000]",a5_vimd_full,a0_backbone,A0,1250,0.0556245221196947,0.0354153625254748,0.0740038092479598,0.0230175513873728,0.05168,0.03216,0.0705639999999999,1500,20260812,10
id_test,occupancy_quartile,"Q4 [0.454,1.000]",a5_vimd_full,cssl_amc_supervised_adaptation,CSSL,1250,0.1082831459624803,0.0841970413650317,0.13375438907613,0.0214596645916502,0.12832,0.1041179999999999,0.1529639999999999,1500,20260812,10
id_test,occupancy_quartile,"Q4 [0.454,1.000]",a5_vimd_full,iqformer_inspired,IQFormer,1250,-0.0647136550925345,-0.0913040608842087,-0.0376314174846096,0.0303199270392935,-0.0523199999999999,-0.0776,-0.026118,1500,20260812,10
unseen_speed,jammer_family,tone,a5_vimd_full,a0_backbone,A0,795,0.0426125782172956,0.0239620366210742,0.0613980422973916,0.0191080846002243,0.0415094339622641,0.0223899371069182,0.0605094339622641,1500,20260812,10
unseen_speed,jammer_family,tone,a5_vimd_full,cssl_amc_supervised_adaptation,CSSL,795,0.0549130563792903,0.028562084170116,0.0801194935193788,0.0128669262888774,0.0777358490566037,0.0522012578616352,0.1035880503144653,1500,20260812,10
unseen_speed,jammer_family,tone,a5_vimd_full,iqformer_inspired,IQFormer,795,-0.1151240526340501,-0.1402213522498926,-0.0899020074594021,0.0232154900684919,-0.1020125786163521,-0.1267924528301886,-0.0759088050314465,1500,20260812,10
unseen_speed,jammer_family,multitone,a5_vimd_full,a0_backbone,A0,887,0.0481839984623762,0.0318695268183857,0.0636503362875221,0.0139208590578711,0.0446448703494926,0.0282919954904171,0.0604875986471251,1500,20260812,10
unseen_speed,jammer_family,multitone,a5_vimd_full,cssl_amc_supervised_adaptation,CSSL,887,0.0298797746508404,0.0044736886369379,0.0540488430234404,0.0120313382793882,0.0441939120631341,0.0194391206313416,0.0700112739571589,1500,20260812,10
unseen_speed,jammer_family,multitone,a5_vimd_full,iqformer_inspired,IQFormer,887,-0.1154921161213908,-0.1415083485679159,-0.0882029084990127,0.0218752983094525,-0.1103720405862457,-0.1357976324689966,-0.0840445321307779,1500,20260812,10
unseen_speed,jammer_family,chirp,a5_vimd_full,a0_backbone,A0,841,0.0286298915974829,0.0101278130107475,0.049085499613263,0.0224473812844831,0.0224732461355529,0.0048692033293697,0.0416171224732461,1500,20260812,10
unseen_speed,jammer_family,chirp,a5_vimd_full,cssl_amc_supervised_adaptation,CSSL,841,-0.0195322389181847,-0.0463238505276925,0.0086268661282372,0.0184705312248931,0.0028537455410226,-0.0233680142687277,0.0299078478002377,1500,20260812,10
unseen_speed,jammer_family,chirp,a5_vimd_full,iqformer_inspired,IQFormer,841,-0.1398778320335565,-0.1663469413057751,-0.1132568898021255,0.0213768429841873,-0.1239001189060641,-0.1492330558858501,-0.0978537455410226,1500,20260812,10
unseen_speed,jammer_family,sweep,a5_vimd_full,a0_backbone,A0,836,0.045518452604135,0.028881502500586,0.0629204432532399,0.0117139482652203,0.0415071770334928,0.0252392344497607,0.0589712918660287,1500,20260812,10
unseen_speed,jammer_family,sweep,a5_vimd_full,cssl_amc_supervised_adaptation,CSSL,836,-0.0323934772582891,-0.0567374015459812,-0.0071320636209645,0.0132419163054496,-0.0051435406698564,-0.0294886363636363,0.0195604066985645,1500,20260812,10
unseen_speed,jammer_family,sweep,a5_vimd_full,iqformer_inspired,IQFormer,836,-0.1617473489668682,-0.1898183206118033,-0.1346273018965747,0.0246264854434736,-0.1363636363636363,-0.1638755980861244,-0.112194976076555,1500,20260812,10
unseen_speed,jammer_family,partial_band,a5_vimd_full,a0_backbone,A0,771,0.0410613780221616,0.0234590419544863,0.0593943788934023,0.0141145693326095,0.0374837872892347,0.0202950713359273,0.0558398184176394,1500,20260812,10
unseen_speed,jammer_family,partial_band,a5_vimd_full,cssl_amc_supervised_adaptation,CSSL,771,-0.003937238205725,-0.0300705564771933,0.0243271892964643,0.0215675334628242,0.0054474708171206,-0.0194552529182879,0.0337224383916991,1500,20260812,10
unseen_speed,jammer_family,partial_band,a5_vimd_full,iqformer_inspired,IQFormer,771,-0.1468387935865192,-0.1746659365351744,-0.1198187778690592,0.0145136824901038,-0.1433203631647211,-0.1706939040207522,-0.1158852140077821,1500,20260812,10
unseen_speed,jammer_family,comb,a5_vimd_full,a0_backbone,A0,870,0.051459656820711,0.0345220372272475,0.068167319036978,0.0104427363215334,0.0489655172413793,0.0306896551724137,0.0663218390804597,1500,20260812,10
unseen_speed,jammer_family,comb,a5_vimd_full,cssl_amc_supervised_adaptation,CSSL,870,0.0627221998079466,0.0361691174105673,0.0897281522933137,0.0216022567827804,0.0810344827586207,0.0528132183908046,0.1085057471264367,1500,20260812,10
unseen_speed,jammer_family,comb,a5_vimd_full,iqformer_inspired,IQFormer,870,-0.0816182084475004,-0.1097506637787403,-0.0536656810589832,0.0263050425603348,-0.0716091954022988,-0.1008045977011494,-0.0432729885057471,1500,20260812,10
unseen_speed,target_profile_index,0,a5_vimd_full,a0_backbone,A0,1699,0.0470942036917794,0.0352009695219213,0.0594236098788686,0.0117540237529022,0.0433784579164214,0.0304855797527957,0.056887875220718,1500,20260812,10
unseen_speed,target_profile_index,0,a5_vimd_full,cssl_amc_supervised_adaptation,CSSL,1699,0.0097268524516927,-0.0073614225314578,0.0278055664957629,0.010671732846182,0.026015303119482,0.008091524426133,0.0439699823425544,1500,20260812,10
unseen_speed,target_profile_index,0,a5_vimd_full,iqformer_inspired,IQFormer,1699,-0.1353853075317115,-0.1547252746973622,-0.1156223005705604,0.017978936433282,-0.1251912889935256,-0.1449985285462036,-0.1058210712183637,1500,20260812,10
unseen_speed,target_profile_index,2,a5_vimd_full,a0_backbone,A0,1676,0.041405892966819,0.0295220933219659,0.0540053993342455,0.0117501956285297,0.0387231503579952,0.0271166467780429,0.0509889618138424,1500,20260812,10
unseen_speed,target_profile_index,2,a5_vimd_full,cssl_amc_supervised_adaptation,CSSL,1676,0.0225941294800778,0.0043387178924472,0.0407395833421935,0.0096699851143325,0.0434367541766109,0.0261023269689737,0.0609815035799522,1500,20260812,10
unseen_speed,target_profile_index,2,a5_vimd_full,iqformer_inspired,IQFormer,1676,-0.1284661936536147,-0.1489963055320974,-0.1071054514863632,0.0206582450208086,-0.1127684964200477,-0.1324298926014319,-0.0928684367541766,1500,20260812,10
unseen_speed,target_profile_index,3,a5_vimd_full,a0_backbone,A0,1625,0.03903730602576,0.026101539444744,0.0525840579620261,0.0126213698609131,0.0363692307692307,0.0230738461538461,0.0506199999999999,1500,20260812,10
unseen_speed,target_profile_index,3,a5_vimd_full,cssl_amc_supervised_adaptation,CSSL,1625,0.013533631581782,-0.0046430165967583,0.0329732019952037,0.0107439642993108,0.0349538461538461,0.0160615384615384,0.0544,1500,20260812,10
unseen_speed,target_profile_index,3,a5_vimd_full,iqformer_inspired,IQFormer,1625,-0.114130110220122,-0.1329191669769385,-0.0943925717038079,0.0167882546017708,-0.1035692307692307,-0.1225553846153846,-0.0831969230769231,1500,20260812,10
unseen_speed,speed_kmh,180,a5_vimd_full,a0_backbone,A0,2507,0.0416419730605562,0.0313998941941854,0.052391626178376,0.0096358493336672,0.0390506581571599,0.0283605903470283,0.0505803749501396,1500,20260812,10
unseen_speed,speed_kmh,180,a5_vimd_full,cssl_amc_supervised_adaptation,CSSL,2507,0.0121834909653386,-0.0032464861710859,0.0275213932708749,0.0122596467550989,0.0311527722377343,0.0157897885919425,0.046450937375349,1500,20260812,10
unseen_speed,speed_kmh,180,a5_vimd_full,iqformer_inspired,IQFormer,2507,-0.1247006990583136,-0.1416798472298394,-0.1086065733978168,0.0163642561042054,-0.1145193458316713,-0.1316922616673314,-0.0980245313123255,1500,20260812,10
unseen_speed,speed_kmh,250,a5_vimd_full,a0_backbone,A0,2493,0.0434089091923564,0.0325826369649778,0.0542243922068564,0.0107088597889293,0.0400320898515844,0.0290814279983955,0.0509235860409145,1500,20260812,10
unseen_speed,speed_kmh,250,a5_vimd_full,cssl_amc_supervised_adaptation,CSSL,2493,0.0188643165210845,0.0050222260992235,0.0336496606935754,0.0084996201508701,0.038387484957882,0.0239259927797833,0.0529693140794223,1500,20260812,10
unseen_speed,speed_kmh,250,a5_vimd_full,iqformer_inspired,IQFormer,2493,-0.1273550009585392,-0.1441989801907509,-0.1092388345233597,0.019680046740167,-0.1134777376654632,-0.1300100280786201,-0.0958072603289209,1500,20260812,10
unseen_speed,occupancy_quartile,"Q1 [0.000,0.000]",a5_vimd_full,a0_backbone,A0,1250,0.0326531592546265,0.018781368185714,0.0465168250671396,0.0134489301354474,0.02904,0.01576,0.0422019999999999,1500,20260812,10
unseen_speed,occupancy_quartile,"Q1 [0.000,0.000]",a5_vimd_full,cssl_amc_supervised_adaptation,CSSL,1250,-0.0653189576723066,-0.0862948028279219,-0.044115410385715,0.0180802641923412,-0.0522399999999999,-0.07104,-0.0324799999999999,1500,20260812,10
unseen_speed,occupancy_quartile,"Q1 [0.000,0.000]",a5_vimd_full,iqformer_inspired,IQFormer,1250,-0.1732077797350043,-0.1964168957950129,-0.1501855651660507,0.0252920022087316,-0.1665599999999999,-0.1896499999999999,-0.143992,1500,20260812,10
unseen_speed,occupancy_quartile,"Q2 [0.000,0.292]",a5_vimd_full,a0_backbone,A0,1250,0.0318567586936859,0.01802007737642,0.0462612960953705,0.0142840966216318,0.02768,0.014438,0.04144,1500,20260812,10
unseen_speed,occupancy_quartile,"Q2 [0.000,0.292]",a5_vimd_full,cssl_amc_supervised_adaptation,CSSL,1250,-0.0320542608001992,-0.0504198620655615,-0.01291817619784,0.0088577121135383,-0.0083999999999999,-0.027482,0.0109219999999999,1500,20260812,10
unseen_speed,occupancy_quartile,"Q2 [0.000,0.292]",a5_vimd_full,iqformer_inspired,IQFormer,1250,-0.1603635516793805,-0.1807140907075881,-0.1399017777193773,0.017218141307396,-0.1387999999999999,-0.157802,-0.119318,1500,20260812,10
unseen_speed,occupancy_quartile,"Q3 [0.292,0.539]",a5_vimd_full,a0_backbone,A0,1250,0.0529368230030325,0.0388434226600151,0.067041852754033,0.0109561214424453,0.05232,0.037718,0.06688,1500,20260812,10
unseen_speed,occupancy_quartile,"Q3 [0.292,0.539]",a5_vimd_full,cssl_amc_supervised_adaptation,CSSL,1250,0.0403979906341522,0.0195213647164314,0.0629997885479091,0.0156655485022058,0.05728,0.035638,0.0794019999999999,1500,20260812,10
unseen_speed,occupancy_quartile,"Q3 [0.292,0.539]",a5_vimd_full,iqformer_inspired,IQFormer,1250,-0.1090514868808345,-0.1353156519273559,-0.0832747161770755,0.0256153905491814,-0.0964,-0.1222819999999999,-0.070514,1500,20260812,10
unseen_speed,occupancy_quartile,"Q4 [0.539,1.000]",a5_vimd_full,a0_backbone,A0,1250,0.0554040114697725,0.0404093545366152,0.0721273315525916,0.016010885601213,0.04912,0.0331959999999999,0.0664419999999999,1500,20260812,10
unseen_speed,occupancy_quartile,"Q4 [0.539,1.000]",a5_vimd_full,cssl_amc_supervised_adaptation,CSSL,1250,0.1309443245047981,0.1097648040981145,0.1519142367017607,0.0102457849621962,0.1424,0.12088,0.1640839999999999,1500,20260812,10
unseen_speed,occupancy_quartile,"Q4 [0.539,1.000]",a5_vimd_full,iqformer_inspired,IQFormer,1250,-0.057040830566864,-0.0783663641178794,-0.0349297946235968,0.0166472321209222,-0.0542399999999999,-0.074644,-0.03232,1500,20260812,10
hard_interference,jammer_family,tone,a5_vimd_full,a0_backbone,A0,842,0.0289432121106032,0.0122412519553501,0.0464976542369206,0.0158403220021707,0.0243467933491686,0.0077197149643705,0.042586104513064,1500,20260812,10
hard_interference,jammer_family,tone,a5_vimd_full,cssl_amc_supervised_adaptation,CSSL,842,0.0741290783079976,0.0494192963480129,0.0999678841204824,0.0175173261798293,0.1149643705463182,0.0891300475059382,0.1410926365795724,1500,20260812,10
hard_interference,jammer_family,tone,a5_vimd_full,iqformer_inspired,IQFormer,842,-0.0503937892486682,-0.0778411235885103,-0.0210720060842018,0.0302481413054273,-0.0241092636579572,-0.0533313539192399,0.0065944180522565,1500,20260812,10
hard_interference,jammer_family,multitone,a5_vimd_full,a0_backbone,A0,814,0.052733506141147,0.0332221627840725,0.071065234700664,0.0153095608818136,0.0509828009828009,0.028313882063882,0.0713820638820638,1500,20260812,10
hard_interference,jammer_family,multitone,a5_vimd_full,cssl_amc_supervised_adaptation,CSSL,814,0.0731485734972205,0.0461147564514413,0.1011973758010207,0.0189684443846076,0.1078624078624078,0.0805896805896805,0.1378562653562652,1500,20260812,10
hard_interference,jammer_family,multitone,a5_vimd_full,iqformer_inspired,IQFormer,814,-0.0013805552726334,-0.0322864282024719,0.0312239510393005,0.0354207952778348,0.018058968058968,-0.0141922604422604,0.0535042997542997,1500,20260812,10
hard_interference,jammer_family,chirp,a5_vimd_full,a0_backbone,A0,800,0.0341813154849443,0.0207315036182354,0.0489615438033357,0.0121576074889368,0.031625,0.0165,0.0477562499999999,1500,20260812,10
hard_interference,jammer_family,chirp,a5_vimd_full,cssl_amc_supervised_adaptation,CSSL,800,0.0417755838622808,0.0156495474518534,0.0691419346641234,0.0076635886794069,0.0829999999999999,0.057184375,0.1113156249999999,1500,20260812,10
hard_interference,jammer_family,chirp,a5_vimd_full,iqformer_inspired,IQFormer,800,-0.059437693619739,-0.0836467902448733,-0.0315987939622343,0.0211851865279451,-0.032625,-0.0583156249999999,-0.005178125,1500,20260812,10
hard_interference,jammer_family,sweep,a5_vimd_full,a0_backbone,A0,865,0.0480888809589088,0.0307558461144042,0.0667956584062392,0.0190087850022091,0.0369942196531791,0.0176271676300578,0.0572254335260115,1500,20260812,10
hard_interference,jammer_family,sweep,a5_vimd_full,cssl_amc_supervised_adaptation,CSSL,865,-0.0346487152374379,-0.0582878337659489,-0.0098605404108607,0.0224393910927088,-0.0011560693641618,-0.0255491329479768,0.0238208092485548,1500,20260812,10
hard_interference,jammer_family,sweep,a5_vimd_full,iqformer_inspired,IQFormer,865,-0.1036715288076716,-0.1342891886719408,-0.0701937287621458,0.0392876573242084,-0.0787283236994219,-0.1125462427745664,-0.0421965317919075,1500,20260812,10
hard_interference,jammer_family,partial_band,a5_vimd_full,a0_backbone,A0,854,0.038331094322391,0.0200898470970008,0.0587281288660688,0.0186730299204747,0.039695550351288,0.0189695550351288,0.0624121779859484,1500,20260812,10
hard_interference,jammer_family,partial_band,a5_vimd_full,cssl_amc_supervised_adaptation,CSSL,854,0.0141629417581489,-0.0088913970060141,0.0375059096392752,0.0112471116040469,0.0466042154566744,0.0224209601873536,0.0705532786885245,1500,20260812,10
hard_interference,jammer_family,partial_band,a5_vimd_full,iqformer_inspired,IQFormer,854,-0.0818300241793145,-0.1087207480720106,-0.0542745749669373,0.021476083202668,-0.0655737704918032,-0.0923331381733021,-0.0396896955503513,1500,20260812,10
hard_interference,jammer_family,comb,a5_vimd_full,a0_backbone,A0,825,0.0774352627120028,0.0578050119122855,0.0965105429707995,0.0173589558318627,0.0707878787878787,0.0503545454545454,0.0910363636363636,1500,20260812,10
hard_interference,jammer_family,comb,a5_vimd_full,cssl_amc_supervised_adaptation,CSSL,825,0.1315821878594449,0.1054219916862694,0.1577780381986398,0.0208536440153987,0.154060606060606,0.1269666666666666,0.1808484848484848,1500,20260812,10
hard_interference,jammer_family,comb,a5_vimd_full,iqformer_inspired,IQFormer,825,0.0267178591405985,-0.0038202402989795,0.0584344116020661,0.0305800479333762,0.0418181818181818,0.0098757575757575,0.072,1500,20260812,10
hard_interference,target_profile_index,0,a5_vimd_full,a0_backbone,A0,1728,0.0483676277755288,0.0360149070548446,0.0617742836212912,0.0137572689703576,0.0449074074074074,0.0308420138888888,0.0600477430555555,1500,20260812,10
hard_interference,target_profile_index,0,a5_vimd_full,cssl_amc_supervised_adaptation,CSSL,1728,0.0614534177841168,0.0436823842178468,0.0814048633072449,0.0150205624299537,0.0974537037037037,0.0788773148148148,0.1180034722222221,1500,20260812,10
hard_interference,target_profile_index,0,a5_vimd_full,iqformer_inspired,IQFormer,1728,-0.0396130571829476,-0.0610522161734996,-0.0158168050097681,0.0281580204879362,-0.013599537037037,-0.036808449074074,0.0112326388888888,1500,20260812,10
hard_interference,target_profile_index,2,a5_vimd_full,a0_backbone,A0,1677,0.042598193229354,0.0303726052321411,0.054938437439728,0.0121688541791143,0.0390578413834227,0.025757304710793,0.052210793082886,1500,20260812,10
hard_interference,target_profile_index,2,a5_vimd_full,cssl_amc_supervised_adaptation,CSSL,1677,0.0357553284588824,0.0174541563364281,0.0535837238171318,0.0120861905407902,0.0742993440667859,0.0556350626118068,0.0923389982110912,1500,20260812,10
hard_interference,target_profile_index,2,a5_vimd_full,iqformer_inspired,IQFormer,1677,-0.0560667192578951,-0.0772983242612268,-0.0322229383116584,0.0260696514129511,-0.0321407274895646,-0.0551296958855098,-0.0076296958855098,1500,20260812,10
hard_interference,target_profile_index,3,a5_vimd_full,a0_backbone,A0,1595,0.0455873725865438,0.0331581028006249,0.0576663805677563,0.0088993616933685,0.0429467084639498,0.0278369905956112,0.0571489028213166,1500,20260812,10
hard_interference,target_profile_index,3,a5_vimd_full,cssl_amc_supervised_adaptation,CSSL,1595,0.0489243302932874,0.0310431062139336,0.0684724443226874,0.0123723826154835,0.077680250783699,0.058423197492163,0.0971818181818181,1500,20260812,10
hard_interference,target_profile_index,3,a5_vimd_full,iqformer_inspired,IQFormer,1595,-0.0453324648993343,-0.06946021671329,-0.022549916806008,0.0318145971544778,-0.0275235109717868,-0.0533636363636363,-0.0032272727272727,1500,20260812,10
hard_interference,speed_kmh,0,a5_vimd_full,a0_backbone,A0,1262,0.0524956515463514,0.0387668166777676,0.0663397788169042,0.0113592730002971,0.0474643423137876,0.0312955625990491,0.063391442155309,1500,20260812,10
hard_interference,speed_kmh,0,a5_vimd_full,cssl_amc_supervised_adaptation,CSSL,1262,0.0442692855597004,0.0249912315368139,0.0636255391229197,0.0048052516197569,0.0760697305863708,0.0557805071315372,0.0969591917591124,1500,20260812,10
hard_interference,speed_kmh,0,a5_vimd_full,iqformer_inspired,IQFormer,1262,-0.0327633544123675,-0.0574112068991813,-0.0082653618222516,0.0250156888871758,-0.0129952456418383,-0.039148177496038,0.0116897781299524,1500,20260812,10
hard_interference,speed_kmh,60,a5_vimd_full,a0_backbone,A0,1289,0.0360160813336228,0.0187716319796929,0.0518282195282498,0.018587406039685,0.0323506594259115,0.0119065166795965,0.0499612102404965,1500,20260812,10
hard_interference,speed_kmh,60,a5_vimd_full,cssl_amc_supervised_adaptation,CSSL,1289,0.0441493577668654,0.0211265344808031,0.066654855911769,0.01948683632881,0.0751745539177657,0.0529460822342901,0.0965496508921644,1500,20260812,10
hard_interference,speed_kmh,60,a5_vimd_full,iqformer_inspired,IQFormer,1289,-0.0429748196541409,-0.0688321543494149,-0.0167686629917425,0.032088001753871,-0.0231186966640806,-0.0515612878200155,0.0041155934833203,1500,20260812,10
hard_interference,speed_kmh,120,a5_vimd_full,a0_backbone,A0,1196,0.0449025910739236,0.0301593101177519,0.0590960629965326,0.0134464611689776,0.0392140468227425,0.0231960702341137,0.0549372909698996,1500,20260812,10
hard_interference,speed_kmh,120,a5_vimd_full,cssl_amc_supervised_adaptation,CSSL,1196,0.0624173455379195,0.0409796259190216,0.0834587409881851,0.008992232132819,0.0959866220735786,0.0731124581939799,0.1168540969899665,1500,20260812,10
hard_interference,speed_kmh,120,a5_vimd_full,iqformer_inspired,IQFormer,1196,-0.0489232073081038,-0.0741853423075446,-0.022728480127998,0.0275253961926423,-0.0285953177257525,-0.0567767558528428,-0.0013377926421404,1500,20260812,10
hard_interference,speed_kmh,150,a5_vimd_full,a0_backbone,A0,1253,0.0498841678960507,0.0365782432438814,0.0640221950561188,0.0097969407426577,0.0503591380686353,0.0356743814844373,0.0650857940941739,1500,20260812,10
hard_interference,speed_kmh,150,a5_vimd_full,cssl_amc_supervised_adaptation,CSSL,1253,0.0463419133810341,0.0253396559152778,0.0680872605647269,0.0155838349468127,0.0871508379888268,0.0648842777334397,0.1095391061452513,1500,20260812,10
hard_interference,speed_kmh,150,a5_vimd_full,iqformer_inspired,IQFormer,1253,-0.0595182177763503,-0.0856379200843781,-0.030497524755892,0.0317902608891957,-0.0326416600159616,-0.059499201915403,-0.0047086991221069,1500,20260812,10
hard_interference,occupancy_quartile,"Q1 [0.000,0.000]",a5_vimd_full,a0_backbone,A0,1250,0.0364464298232217,0.0219032321876399,0.0499342469945283,0.015469082139617,0.03296,0.018316,0.0476,1500,20260812,10
hard_interference,occupancy_quartile,"Q1 [0.000,0.000]",a5_vimd_full,cssl_amc_supervised_adaptation,CSSL,1250,-0.0674633463099067,-0.0869931641615923,-0.0485224192208973,0.0172241024951698,-0.0184799999999999,-0.038244,8.000000000000035e-05,1500,20260812,10
hard_interference,occupancy_quartile,"Q1 [0.000,0.000]",a5_vimd_full,iqformer_inspired,IQFormer,1250,-0.1111143971994413,-0.1437158059700613,-0.0771876641698578,0.0451849181672411,-0.07456,-0.10815,-0.03867,1500,20260812,10
hard_interference,occupancy_quartile,"Q2 [0.000,0.299]",a5_vimd_full,a0_backbone,A0,1250,0.0394809694897665,0.0276517614710498,0.0525695974726215,0.0087762221201207,0.03968,0.025638,0.0548419999999999,1500,20260812,10
hard_interference,occupancy_quartile,"Q2 [0.000,0.299]",a5_vimd_full,cssl_amc_supervised_adaptation,CSSL,1250,-0.009542935491947,-0.0293981611405194,0.0108303028864565,0.0146225385367874,0.03328,0.011874,0.054602,1500,20260812,10
hard_interference,occupancy_quartile,"Q2 [0.000,0.299]",a5_vimd_full,iqformer_inspired,IQFormer,1250,-0.0802377359759852,-0.1027103733518798,-0.0567164457197,0.0232270392359796,-0.0448,-0.069848,-0.019154,1500,20260812,10
hard_interference,occupancy_quartile,"Q3 [0.299,0.559]",a5_vimd_full,a0_backbone,A0,1250,0.0628574592079669,0.0468046693710886,0.0798799317927758,0.0177888014298553,0.0563999999999999,0.037798,0.075402,1500,20260812,10
hard_interference,occupancy_quartile,"Q3 [0.299,0.559]",a5_vimd_full,cssl_amc_supervised_adaptation,CSSL,1250,0.0700063984655726,0.0495010206817479,0.0910149553966671,0.014463402584541,0.09288,0.0711199999999999,0.1147659999999999,1500,20260812,10
hard_interference,occupancy_quartile,"Q3 [0.299,0.559]",a5_vimd_full,iqformer_inspired,IQFormer,1250,-0.0285957655402583,-0.0534999408088623,-0.0004588439923378,0.029728018137704,-0.01152,-0.037368,0.01656,1500,20260812,10
hard_interference,occupancy_quartile,"Q4 [0.559,1.000]",a5_vimd_full,a0_backbone,A0,1250,0.0429100964473877,0.0263467503720813,0.0588069369302149,0.0146418985938256,0.0402399999999999,0.02208,0.0582019999999999,1500,20260812,10
hard_interference,occupancy_quartile,"Q4 [0.559,1.000]",a5_vimd_full,cssl_amc_supervised_adaptation,CSSL,1250,0.208995112013298,0.18763459767843,0.2289822140863581,0.0097227197439513,0.2258399999999999,0.203558,0.2485679999999999,1500,20260812,10
hard_interference,occupancy_quartile,"Q4 [0.559,1.000]",a5_vimd_full,iqformer_inspired,IQFormer,1250,0.030318203781374,0.0062605267560688,0.0556047772767555,0.0259843270457159,0.0338399999999999,0.008674,0.0589299999999999,1500,20260812,10
unseen_jammer,jammer_family,pulse,a5_vimd_full,a0_backbone,A0,2506,0.0397891373076184,0.027425392874186,0.0531472209083374,0.0149907437080737,0.0367916999201915,0.0259148044692737,0.0477464086193136,1500,20260812,10
unseen_jammer,jammer_family,pulse,a5_vimd_full,cssl_amc_supervised_adaptation,CSSL,2506,-0.0428057110006668,-0.0555915175780915,-0.0297162241034152,0.0053441315400864,-0.0287709497206704,-0.0414604948124501,-0.0157811252992817,1500,20260812,10
unseen_jammer,jammer_family,pulse,a5_vimd_full,iqformer_inspired,IQFormer,2506,-0.1656900042969052,-0.1816911053846897,-0.1488598534491857,0.016525184638101,-0.1556264964086193,-0.1705716280925778,-0.1399231843575419,1500,20260812,10
unseen_jammer,jammer_family,ofdm_like,a5_vimd_full,a0_backbone,A0,2494,0.0287150667399989,0.0148829088532851,0.0423046582880934,0.0176118218612398,0.0219326383319968,0.0119276263031275,0.0324589013632718,1500,20260812,10
unseen_jammer,jammer_family,ofdm_like,a5_vimd_full,cssl_amc_supervised_adaptation,CSSL,2494,-0.0473243401058213,-0.0641637114307733,-0.0303013426600424,0.0193245774826747,-0.0397353648757016,-0.0554951884522854,-0.0243173616680032,1500,20260812,10
unseen_jammer,jammer_family,ofdm_like,a5_vimd_full,iqformer_inspired,IQFormer,2494,-0.1402655588734341,-0.156953919673188,-0.1232334519039635,0.0192446990342503,-0.141018444266239,-0.1555142341619887,-0.1258600641539695,1500,20260812,10
unseen_jammer,target_profile_index,0,a5_vimd_full,a0_backbone,A0,1697,0.0314237474181071,0.0178576625936182,0.045189227571608,0.0168269361373784,0.0283441367118444,0.0169711255156157,0.0406629345904537,1500,20260812,10
unseen_jammer,target_profile_index,0,a5_vimd_full,cssl_amc_supervised_adaptation,CSSL,1697,-0.0383212984923703,-0.0540987670269072,-0.0196591477760626,0.0124012472901043,-0.0298762522097819,-0.0451473187978786,-0.0124027695934001,1500,20260812,10
unseen_jammer,target_profile_index,0,a5_vimd_full,iqformer_inspired,IQFormer,1697,-0.1635608830992422,-0.1796285978841057,-0.1471201298741513,0.0126128175645689,-0.1590453741897466,-0.1749278137890394,-0.1428344136711844,1500,20260812,10
unseen_jammer,target_profile_index,2,a5_vimd_full,a0_backbone,A0,1711,0.0400994285097523,0.0258055415707293,0.0532075342839397,0.0159653496520277,0.0307422559906487,0.0193454120397428,0.0426651081239041,1500,20260812,10
unseen_jammer,target_profile_index,2,a5_vimd_full,cssl_amc_supervised_adaptation,CSSL,1711,-0.0335234080842977,-0.050208784340481,-0.0181391176850618,0.0104705253983512,-0.0254821741671537,-0.041791350087668,-0.0105786090005844,1500,20260812,10
unseen_jammer,target_profile_index,2,a5_vimd_full,iqformer_inspired,IQFormer,1711,-0.1514907550749714,-0.1700759867626453,-0.1321735422515957,0.0185325921638563,-0.1481005260081823,-0.1652893045002922,-0.131385154880187,1500,20260812,10
unseen_jammer,target_profile_index,3,a5_vimd_full,a0_backbone,A0,1592,0.0354614335480337,0.0210976930405754,0.0506460541986449,0.0179599571256786,0.0290201005025125,0.0157961683417085,0.0425581030150753,1500,20260812,10
unseen_jammer,target_profile_index,3,a5_vimd_full,cssl_amc_supervised_adaptation,CSSL,1592,-0.0525997466877351,-0.0704589444880636,-0.0338266919685513,0.0133946072258939,-0.0483040201005025,-0.0657066582914572,-0.0300188442211055,1500,20260812,10
unseen_jammer,target_profile_index,3,a5_vimd_full,iqformer_inspired,IQFormer,1592,-0.1382383722714241,-0.1584765868181879,-0.1190337099111329,0.0198249254395049,-0.1371859296482412,-0.1560003140703517,-0.1182757537688442,1500,20260812,10
unseen_jammer,speed_kmh,0,a5_vimd_full,a0_backbone,A0,1201,0.0268828219368324,0.0117300204475959,0.0427413915914388,0.0161719049137325,0.0217318900915903,0.0074937552039966,0.0361802664446294,1500,20260812,10
unseen_jammer,speed_kmh,0,a5_vimd_full,cssl_amc_supervised_adaptation,CSSL,1201,-0.0667398897152826,-0.0870516161774551,-0.0457819713981021,0.0172350952418158,-0.0600333055786844,-0.079477518734388,-0.0388759367194005,1500,20260812,10
unseen_jammer,speed_kmh,0,a5_vimd_full,iqformer_inspired,IQFormer,1201,-0.1506126967579959,-0.1703446512021917,-0.1306180251609685,0.0158402236509814,-0.1513738551207327,-0.170485012489592,-0.1310970024979184,1500,20260812,10
unseen_jammer,speed_kmh,60,a5_vimd_full,a0_backbone,A0,1278,0.0422587910502026,0.0276022495696328,0.0572884306852161,0.0146112132575784,0.0348982785602504,0.0218681533646322,0.0474178403755868,1500,20260812,10
unseen_jammer,speed_kmh,60,a5_vimd_full,cssl_amc_supervised_adaptation,CSSL,1278,-0.03718654683897,-0.0562822699031993,-0.0185750989344386,0.0121742698647617,-0.0289514866979655,-0.0487558685446009,-0.010514475743349,1500,20260812,10
unseen_jammer,speed_kmh,60,a5_vimd_full,iqformer_inspired,IQFormer,1278,-0.1551577574904661,-0.1755547934581929,-0.1345808125793477,0.0159863225603704,-0.1499217527386541,-0.1696028951486697,-0.131216744913928,1500,20260812,10
unseen_jammer,speed_kmh,120,a5_vimd_full,a0_backbone,A0,1261,0.0391193111522615,0.024296439155215,0.0544626791035359,0.0142791483685074,0.0310071371927042,0.0179599524187153,0.0443715305313243,1500,20260812,10
unseen_jammer,speed_kmh,120,a5_vimd_full,cssl_amc_supervised_adaptation,CSSL,1261,-0.0393642446152713,-0.0615637102310207,-0.0164051720819213,0.0215215343350678,-0.0345757335448056,-0.0562331482950039,-0.0118536875495638,1500,20260812,10
unseen_jammer,speed_kmh,120,a5_vimd_full,iqformer_inspired,IQFormer,1261,-0.1521300897656511,-0.1737514042790341,-0.1305509172789577,0.0196725198640011,-0.1493259318001586,-0.169710547184774,-0.1294964314036479,1500,20260812,10
unseen_jammer,speed_kmh,150,a5_vimd_full,a0_backbone,A0,1260,0.0336963333475712,0.0156562544657496,0.0519353238152846,0.0235178640615005,0.0294444444444444,0.0148412698412698,0.0453968253968253,1500,20260812,10
unseen_jammer,speed_kmh,150,a5_vimd_full,cssl_amc_supervised_adaptation,CSSL,1260,-0.0234815494733449,-0.043472133231641,-0.0017858641589006,0.0148203950996583,-0.0146825396825396,-0.0335337301587301,0.0050416666666666,1500,20260812,10
unseen_jammer,speed_kmh,150,a5_vimd_full,iqformer_inspired,IQFormer,1260,-0.1492284136905302,-0.17118891429556,-0.1282878759573671,0.0205621535971155,-0.1428571428571428,-0.1623809523809523,-0.1236468253968254,1500,20260812,10
unseen_jammer,occupancy_quartile,"Q1 [0.000,0.031]",a5_vimd_full,a0_backbone,A0,1250,0.0393595256552286,0.0262606090914244,0.0546649699123919,0.0138903342274149,0.03344,0.021638,0.0470859999999999,1500,20260812,10
unseen_jammer,occupancy_quartile,"Q1 [0.000,0.031]",a5_vimd_full,cssl_amc_supervised_adaptation,CSSL,1250,-0.0645148088278504,-0.0838078846950996,-0.0436595791328984,0.0152163685805513,-0.04192,-0.06072,-0.022198,1500,20260812,10
unseen_jammer,occupancy_quartile,"Q1 [0.000,0.031]",a5_vimd_full,iqformer_inspired,IQFormer,1250,-0.185204983150602,-0.2054990747097827,-0.1626234361181189,0.017927323749095,-0.1709599999999999,-0.189082,-0.150598,1500,20260812,10
unseen_jammer,occupancy_quartile,"Q2 [0.031,0.134]",a5_vimd_full,a0_backbone,A0,1250,0.0335768017637966,0.0150124243371628,0.0508920427532541,0.0206157976581686,0.0265599999999999,0.012518,0.0398439999999999,1500,20260812,10
unseen_jammer,occupancy_quartile,"Q2 [0.031,0.134]",a5_vimd_full,cssl_amc_supervised_adaptation,CSSL,1250,-0.0305849812532671,-0.0536795111530162,-0.008314719698676,0.022346637594176,-0.0348799999999999,-0.0549599999999999,-0.015634,1500,20260812,10
unseen_jammer,occupancy_quartile,"Q2 [0.031,0.134]",a5_vimd_full,iqformer_inspired,IQFormer,1250,-0.1364784027972438,-0.1585353099365338,-0.1143643895787484,0.0219338500491448,-0.1437599999999999,-0.164442,-0.124716,1500,20260812,10
unseen_jammer,occupancy_quartile,"Q3 [0.134,0.205]",a5_vimd_full,a0_backbone,A0,1250,0.0128747565082372,-0.0146753392580525,0.0327816763639528,0.023944023547757,0.0167199999999999,0.004598,0.0296799999999999,1500,20260812,10
unseen_jammer,occupancy_quartile,"Q3 [0.134,0.205]",a5_vimd_full,cssl_amc_supervised_adaptation,CSSL,1250,-0.0489744760045846,-0.0708177263621067,-0.0244484201630996,0.0216890693985627,-0.0545599999999999,-0.073722,-0.034636,1500,20260812,10
unseen_jammer,occupancy_quartile,"Q3 [0.134,0.205]",a5_vimd_full,iqformer_inspired,IQFormer,1250,-0.1468238654902228,-0.1801651800256719,-0.1232703253818674,0.0214420860103333,-0.14672,-0.1665219999999999,-0.126598,1500,20260812,10
unseen_jammer,occupancy_quartile,"Q4 [0.205,0.995]",a5_vimd_full,a0_backbone,A0,1250,0.0446347994793212,0.026271211625813,0.0637987649443703,0.0223190527366612,0.0408,0.0239999999999999,0.0587279999999999,1500,20260812,10
unseen_jammer,occupancy_quartile,"Q4 [0.205,0.995]",a5_vimd_full,cssl_amc_supervised_adaptation,CSSL,1250,-0.0246814252701827,-0.0442567696288357,-0.0060388329156127,0.0062261600490618,-0.0055999999999999,-0.0250819999999999,0.0130019999999999,1500,20260812,10
unseen_jammer,occupancy_quartile,"Q4 [0.205,0.995]",a5_vimd_full,iqformer_inspired,IQFormer,1250,-0.1510073709792971,-0.1741198699935762,-0.1293819666174107,0.0174568161009146,-0.1319199999999999,-0.1524,-0.111878,1500,20260812,10
