split,model,model_short,modulation,support,f1_mean,f1_std,recall_mean,collapsed_class
clean_retention,a0_backbone,A0,BPSK,500,0.7993325675916308,0.006385694637559448,0.7512,False
clean_retention,a0_backbone,A0,PI2BPSK,500,0.7464264698164506,0.023486480874917996,0.8834,False
clean_retention,a0_backbone,A0,QPSK,500,0.004309375960841183,0.005044030642379069,0.0021999999999999997,True
clean_retention,a0_backbone,A0,8PSK,500,0.3438771496164358,0.020819748494629125,0.6095999999999999,False
clean_retention,a0_backbone,A0,16QAM,500,0.0015857673841124652,0.003343142489705945,0.0008,True
clean_retention,a0_backbone,A0,64QAM,500,0.005429867220689205,0.0057711253199836275,0.0028000000000000004,True
clean_retention,a0_backbone,A0,256QAM,500,0.3209950084925858,0.014101057406584962,0.48739999999999994,False
clean_retention,a0_backbone,A0,GMSK,500,0.9303755521983689,0.00519037656713576,0.9322000000000001,False
clean_retention,a0_backbone,A0,CPFSK,500,0.7728016097391764,0.016307719317042762,0.9046000000000001,False
clean_retention,a0_backbone,A0,4FSK,500,0.780302127327938,0.014025692099000476,0.6930000000000001,False
clean_retention,a1_single_mask,a1_single_mask,BPSK,500,0.8333923004717366,0.015581624689105997,0.7926,False
clean_retention,a1_single_mask,a1_single_mask,PI2BPSK,500,0.7992249355799956,0.024599264297515112,0.898,False
clean_retention,a1_single_mask,a1_single_mask,QPSK,500,0.009711426013979597,0.0073654995796765595,0.005,True
clean_retention,a1_single_mask,a1_single_mask,8PSK,500,0.39688776541874804,0.018150017303959463,0.6532,False
clean_retention,a1_single_mask,a1_single_mask,16QAM,500,0.0035427627381567975,0.0034238958662655083,0.0018000000000000002,True
clean_retention,a1_single_mask,a1_single_mask,64QAM,500,0.005826894825093378,0.005551112372116608,0.003,True
clean_retention,a1_single_mask,a1_single_mask,256QAM,500,0.3636218181037471,0.017651254672753604,0.6132,False
clean_retention,a1_single_mask,a1_single_mask,GMSK,500,0.9346481901476202,0.005592873859263294,0.9394000000000002,False
clean_retention,a1_single_mask,a1_single_mask,CPFSK,500,0.805526194691659,0.009156334972906627,0.9080000000000001,False
clean_retention,a1_single_mask,a1_single_mask,4FSK,500,0.8117755049560067,0.01250075317791082,0.7550000000000001,False
clean_retention,a2_tri_no_teacher,a2_tri_no_teacher,BPSK,500,0.8484647174291515,0.007596829941944356,0.7886,False
clean_retention,a2_tri_no_teacher,a2_tri_no_teacher,PI2BPSK,500,0.7892591524962815,0.02176758360420995,0.9032,False
clean_retention,a2_tri_no_teacher,a2_tri_no_teacher,QPSK,500,0.006255042077410703,0.005240354313706576,0.0032,True
clean_retention,a2_tri_no_teacher,a2_tri_no_teacher,8PSK,500,0.4158424892388258,0.01253583609797162,0.6961999999999999,False
clean_retention,a2_tri_no_teacher,a2_tri_no_teacher,16QAM,500,0.007846447313730779,0.006340012281867807,0.004000000000000001,True
clean_retention,a2_tri_no_teacher,a2_tri_no_teacher,64QAM,500,0.005492101616823841,0.004585519823880788,0.0028000000000000004,True
clean_retention,a2_tri_no_teacher,a2_tri_no_teacher,256QAM,500,0.37959417107694077,0.017670393997801223,0.6296,False
clean_retention,a2_tri_no_teacher,a2_tri_no_teacher,GMSK,500,0.9355997007427239,0.005085261054379372,0.9395999999999999,False
clean_retention,a2_tri_no_teacher,a2_tri_no_teacher,CPFSK,500,0.7995238268043355,0.012043029496832057,0.9186,False
clean_retention,a2_tri_no_teacher,a2_tri_no_teacher,4FSK,500,0.8133654291904756,0.01265353579694497,0.741,False
clean_retention,a3_tri_teacher,A3,BPSK,500,0.8443106508966489,0.013722816893116377,0.7894000000000001,False
clean_retention,a3_tri_teacher,A3,PI2BPSK,500,0.7883634894277011,0.023226794385238475,0.9008,False
clean_retention,a3_tri_teacher,A3,QPSK,500,0.007023519889407215,0.004037121428486263,0.0036000000000000003,True
clean_retention,a3_tri_teacher,A3,8PSK,500,0.4157446460152602,0.01615307416845904,0.6838,False
clean_retention,a3_tri_teacher,A3,16QAM,500,0.003171534511362706,0.00313161571348788,0.0016,True
clean_retention,a3_tri_teacher,A3,64QAM,500,0.009368790976816185,0.007830197001741708,0.0048000000000000004,True
clean_retention,a3_tri_teacher,A3,256QAM,500,0.37242996638676196,0.013429299008327783,0.6268,False
clean_retention,a3_tri_teacher,A3,GMSK,500,0.9353685023692524,0.0033351249782029744,0.9348000000000001,False
clean_retention,a3_tri_teacher,A3,CPFSK,500,0.7999523981109183,0.012398604558517013,0.9109999999999999,False
clean_retention,a3_tri_teacher,A3,4FSK,500,0.8147263564149803,0.006501899639225827,0.753,False
clean_retention,a3p_tri_proportional_teacher,A3p,BPSK,500,0.846143651839707,0.006146078943789904,0.7862000000000001,False
clean_retention,a3p_tri_proportional_teacher,A3p,PI2BPSK,500,0.7876451252820608,0.019536392432127694,0.9036000000000002,False
clean_retention,a3p_tri_proportional_teacher,A3p,QPSK,500,0.005442723987454219,0.004514056260213916,0.0028000000000000004,True
clean_retention,a3p_tri_proportional_teacher,A3p,8PSK,500,0.4137980333381468,0.013483364423735258,0.6956000000000001,False
clean_retention,a3p_tri_proportional_teacher,A3p,16QAM,500,0.007433433190489165,0.00934124609759351,0.0038,True
clean_retention,a3p_tri_proportional_teacher,A3p,64QAM,500,0.006264113312545191,0.005270645377147032,0.0032,True
clean_retention,a3p_tri_proportional_teacher,A3p,256QAM,500,0.37581430423816375,0.009487729171396956,0.618,False
clean_retention,a3p_tri_proportional_teacher,A3p,GMSK,500,0.9357914213210801,0.006231808349188193,0.9408,False
clean_retention,a3p_tri_proportional_teacher,A3p,CPFSK,500,0.8007206938305875,0.009483112223927826,0.9176,False
clean_retention,a3p_tri_proportional_teacher,A3p,4FSK,500,0.8149474176353582,0.006774425776053992,0.748,False
clean_retention,a4_tri_teacher_mtl,a4_tri_teacher_mtl,BPSK,500,0.8395948377886923,0.01648901519752736,0.7856,False
clean_retention,a4_tri_teacher_mtl,a4_tri_teacher_mtl,PI2BPSK,500,0.7941398224270114,0.01589143496652098,0.8985999999999998,False
clean_retention,a4_tri_teacher_mtl,a4_tri_teacher_mtl,QPSK,500,0.006943987256209501,0.005039385753265206,0.0036000000000000003,True
clean_retention,a4_tri_teacher_mtl,a4_tri_teacher_mtl,8PSK,500,0.41336830684494813,0.013682220032157575,0.6872,False
clean_retention,a4_tri_teacher_mtl,a4_tri_teacher_mtl,16QAM,500,0.007436777881640299,0.007899941777068507,0.0038,True
clean_retention,a4_tri_teacher_mtl,a4_tri_teacher_mtl,64QAM,500,0.0042890054431846915,0.0021904051550139356,0.0022000000000000006,True
clean_retention,a4_tri_teacher_mtl,a4_tri_teacher_mtl,256QAM,500,0.375103046111564,0.014524910510630819,0.628,False
clean_retention,a4_tri_teacher_mtl,a4_tri_teacher_mtl,GMSK,500,0.9370805609226144,0.00602109834350158,0.9396000000000001,False
clean_retention,a4_tri_teacher_mtl,a4_tri_teacher_mtl,CPFSK,500,0.8059825929116828,0.016209228580903182,0.9092,False
clean_retention,a4_tri_teacher_mtl,a4_tri_teacher_mtl,4FSK,500,0.8191716700544454,0.009742189654742828,0.7598,False
clean_retention,a5_vimd_full,A5-VIMD,BPSK,500,0.8428122769136767,0.010671865291052364,0.7882,False
clean_retention,a5_vimd_full,A5-VIMD,PI2BPSK,500,0.7913256134831799,0.013699746932432779,0.8997999999999999,False
clean_retention,a5_vimd_full,A5-VIMD,QPSK,500,0.006788551223914779,0.007249122560025867,0.0036000000000000003,True
clean_retention,a5_vimd_full,A5-VIMD,8PSK,500,0.4136455599202319,0.017543961982079522,0.6844,False
clean_retention,a5_vimd_full,A5-VIMD,16QAM,500,0.010514281985473545,0.009026329650209358,0.0054,True
clean_retention,a5_vimd_full,A5-VIMD,64QAM,500,0.007774388308153616,0.0065752760862999755,0.004000000000000001,True
clean_retention,a5_vimd_full,A5-VIMD,256QAM,500,0.37448593948055076,0.017452511193446,0.6214000000000001,False
clean_retention,a5_vimd_full,A5-VIMD,GMSK,500,0.9360260758323067,0.005471435435913288,0.9403999999999998,False
clean_retention,a5_vimd_full,A5-VIMD,CPFSK,500,0.8012874359379996,0.01189615826384703,0.914,False
clean_retention,a5_vimd_full,A5-VIMD,4FSK,500,0.8203727090129824,0.008960347175026029,0.7612,False
clean_retention,a6_dual_full,A6,BPSK,500,0.8371224006666095,0.008991067945558805,0.7988000000000001,False
clean_retention,a6_dual_full,A6,PI2BPSK,500,0.7953692540687399,0.020464373986332447,0.9052,False
clean_retention,a6_dual_full,A6,QPSK,500,0.012311711880898352,0.009321409805068525,0.0064,True
clean_retention,a6_dual_full,A6,8PSK,500,0.4030539902268206,0.01634584403562443,0.6904,False
clean_retention,a6_dual_full,A6,16QAM,500,0.01015683036069385,0.009354674245044235,0.005200000000000001,True
clean_retention,a6_dual_full,A6,64QAM,500,0.008963828681964754,0.008554347191864793,0.0046,True
clean_retention,a6_dual_full,A6,256QAM,500,0.36722970030833635,0.01857705377632416,0.5850000000000002,False
clean_retention,a6_dual_full,A6,GMSK,500,0.936542885510778,0.005989513630761372,0.9414,False
clean_retention,a6_dual_full,A6,CPFSK,500,0.8034981909689156,0.008909246357790727,0.9118,False
clean_retention,a6_dual_full,A6,4FSK,500,0.8141712607587479,0.009350719102878642,0.7566,False
clean_retention,a7_vimd_no_residual,A7,BPSK,500,0.8392228192160074,0.014174908905632753,0.7904,False
clean_retention,a7_vimd_no_residual,A7,PI2BPSK,500,0.7930873414060391,0.015962804749005632,0.8996000000000001,False
clean_retention,a7_vimd_no_residual,A7,QPSK,500,0.0111099363106016,0.008093825648547314,0.0058000000000000005,True
clean_retention,a7_vimd_no_residual,A7,8PSK,500,0.414811762931827,0.017794318245293754,0.6888,False
clean_retention,a7_vimd_no_residual,A7,16QAM,500,0.004712926017100056,0.005783914446571714,0.0024000000000000002,True
clean_retention,a7_vimd_no_residual,A7,64QAM,500,0.00882183260645064,0.008823418583954095,0.0046,True
clean_retention,a7_vimd_no_residual,A7,256QAM,500,0.37290487024399055,0.014532206925477879,0.6174,False
clean_retention,a7_vimd_no_residual,A7,GMSK,500,0.9372560910457273,0.005100363225255476,0.9414000000000001,False
clean_retention,a7_vimd_no_residual,A7,CPFSK,500,0.8049660442705002,0.017454707535614476,0.9056000000000001,False
clean_retention,a7_vimd_no_residual,A7,4FSK,500,0.8133347417584895,0.009249185915849065,0.763,False
clean_retention,cssl_amc_supervised_adaptation,CSSL,BPSK,500,0.8193045873591146,0.025250829883652636,0.8416,False
clean_retention,cssl_amc_supervised_adaptation,CSSL,PI2BPSK,500,0.7969261518847329,0.020250316802119542,0.7928000000000001,False
clean_retention,cssl_amc_supervised_adaptation,CSSL,QPSK,500,0.6106691914485314,0.01951624095565237,0.5882,False
clean_retention,cssl_amc_supervised_adaptation,CSSL,8PSK,500,0.6376064840385183,0.008931702138179672,0.6794,False
clean_retention,cssl_amc_supervised_adaptation,CSSL,16QAM,500,0.20488683024913765,0.01568030259370367,0.17839999999999998,False
clean_retention,cssl_amc_supervised_adaptation,CSSL,64QAM,500,0.2130133470595506,0.02220971293103209,0.18619999999999998,False
clean_retention,cssl_amc_supervised_adaptation,CSSL,256QAM,500,0.3185290978956441,0.01931193269855606,0.37479999999999997,False
clean_retention,cssl_amc_supervised_adaptation,CSSL,GMSK,500,0.85223616334497,0.01267072129709527,0.8784000000000001,False
clean_retention,cssl_amc_supervised_adaptation,CSSL,CPFSK,500,0.7755466305821149,0.010906027347011637,0.7854,False
clean_retention,cssl_amc_supervised_adaptation,CSSL,4FSK,500,0.7456479547250876,0.015359265172416155,0.7348,False
clean_retention,mcldnn_reimplementation,MCLDNN,BPSK,500,0.9017517000305773,0.03350121179313401,0.9134,False
clean_retention,mcldnn_reimplementation,MCLDNN,PI2BPSK,500,0.860310998102106,0.025559216429451692,0.9151999999999999,False
clean_retention,mcldnn_reimplementation,MCLDNN,QPSK,500,0.7360648984728142,0.013828069063237408,0.6242,False
clean_retention,mcldnn_reimplementation,MCLDNN,8PSK,500,0.6912765601213252,0.03614017853991548,0.8246,False
clean_retention,mcldnn_reimplementation,MCLDNN,16QAM,500,0.057706337040742295,0.048949634329890725,0.036000000000000004,False
clean_retention,mcldnn_reimplementation,MCLDNN,64QAM,500,0.08117689495743802,0.06244113479826565,0.0524,False
clean_retention,mcldnn_reimplementation,MCLDNN,256QAM,500,0.4399797997961401,0.013275391975317795,0.7494,False
clean_retention,mcldnn_reimplementation,MCLDNN,GMSK,500,0.9415256273208797,0.007618009643291158,0.9432,False
clean_retention,mcldnn_reimplementation,MCLDNN,CPFSK,500,0.8561459219660346,0.01573663063435358,0.8804000000000001,False
clean_retention,mcldnn_reimplementation,MCLDNN,4FSK,500,0.8482787456971851,0.007313855473518088,0.826,False
clean_retention,iqformer_inspired,IQFormer,BPSK,500,0.8869259837368185,0.021927856755068937,0.9342,False
clean_retention,iqformer_inspired,IQFormer,PI2BPSK,500,0.8735623507117382,0.019082324504701167,0.905,False
clean_retention,iqformer_inspired,IQFormer,QPSK,500,0.7444824852369859,0.008482745713213866,0.6352,False
clean_retention,iqformer_inspired,IQFormer,8PSK,500,0.6947049719595686,0.034695656143869484,0.8328000000000001,False
clean_retention,iqformer_inspired,IQFormer,16QAM,500,0.5368363447027883,0.056649842225982065,0.40919999999999995,False
clean_retention,iqformer_inspired,IQFormer,64QAM,500,0.0349626462397335,0.029072108609097765,0.0194,True
clean_retention,iqformer_inspired,IQFormer,256QAM,500,0.5021293819546162,0.014473554925087985,0.7662000000000001,False
clean_retention,iqformer_inspired,IQFormer,GMSK,500,0.9367402345293394,0.005511154861867073,0.9558,False
clean_retention,iqformer_inspired,IQFormer,CPFSK,500,0.8503961618038579,0.011380656721516273,0.8892,False
clean_retention,iqformer_inspired,IQFormer,4FSK,500,0.8581635379117071,0.00946603098458664,0.827,False
