train_sources,metric,delta_mean,delta_seed_ci_low,delta_seed_ci_high,relative_gain_percent
10000,hard_interference_macro_f1,0.04435960337347687,0.017211367801458804,0.07150783894549494,18.009827467092002
10000,id_test_macro_f1,0.021516739829568365,0.004976414016726615,0.03805706564241011,6.163307826249001
10000,selected_validation_macro_f1,0.01703937608091949,0.0008427257015672894,0.033236026460271684,4.978071887118308
30000,hard_interference_macro_f1,0.05403241563148986,0.03478373405310234,0.07328109720987738,16.5108840063361
30000,id_test_macro_f1,0.04852745927551584,0.024443930573399233,0.07261098797763245,10.945746079388256
30000,selected_validation_macro_f1,0.045684457522281355,0.02787903742002498,0.06348987762453773,10.44562525501697
100000,hard_interference_macro_f1,0.04184268484245981,0.03711777498508553,0.04656759469983408,10.617316834516096
100000,id_test_macro_f1,0.04846386327318371,0.03832963919156745,0.05859808735479997,9.413106420396556
100000,selected_validation_macro_f1,0.04281597674849358,0.027105824293375384,0.058526129203611776,8.291761616758631
