regime,snr_db,sir_db,row_count,reference,reference_short,a5_macro_f1,macro_f1_difference,macro_f1_ci95_low,macro_f1_ci95_high,macro_f1_seed_std,accuracy_difference,accuracy_ci95_low,accuracy_ci95_high,bootstrap_draws,bootstrap_seed,algorithm_seed_count
hard_interference,-10.0,-15.0,181,mcldnn_reimplementation,MCLDNN,0.14890424179913928,0.08825481704741026,0.05046686529069286,0.12149156217768815,0.02621103487388207,0.07734806629834254,0.03700276243093922,0.11770718232044196,800,20260812,10
hard_interference,-10.0,-15.0,181,iqformer_inspired,IQFormer,0.14890424179913928,0.07354814171539555,0.03897276461252776,0.10800593345696659,0.02781495017678511,0.07348066298342541,0.03314917127071823,0.11493093922651931,800,20260812,10
hard_interference,-10.0,-15.0,181,cssl_amc_supervised_adaptation,CSSL,0.14890424179913928,0.05078136883678406,0.014004738586399683,0.08567257424834102,0.01976800378897513,0.06850828729281769,0.028176795580110492,0.10662983425414366,800,20260812,10
hard_interference,-10.0,-15.0,181,a0_backbone,A0,0.14890424179913928,0.013505070601699148,-0.01734952150480791,0.04960132068883826,0.02342024164796423,0.012707182320441986,-0.022651933701657457,0.051933701657458566,800,20260812,10
hard_interference,-10.0,-10.0,158,mcldnn_reimplementation,MCLDNN,0.18098676305200426,0.04114375830059296,-9.529194906648558e-05,0.08175384658804905,0.02607626124764102,0.032911392405063286,-0.010791139240506328,0.07849683544303797,800,20260812,10
hard_interference,-10.0,-10.0,158,iqformer_inspired,IQFormer,0.18098676305200426,-0.0057733893604346356,-0.051229387924977485,0.03812086063276356,0.029609874237853665,-0.013291139240506322,-0.06075949367088608,0.03419303797468353,800,20260812,10
hard_interference,-10.0,-10.0,158,cssl_amc_supervised_adaptation,CSSL,0.18098676305200426,0.052456913084670445,0.006095284512617614,0.09635646699762525,0.032871729788225286,0.06265822784810127,0.012642405063291142,0.11014240506329114,800,20260812,10
hard_interference,-10.0,-10.0,158,a0_backbone,A0,0.18098676305200426,0.009069935895539834,-0.028229912125533843,0.04979150831757687,0.036004866617977554,0.014556962025316459,-0.025316455696202535,0.053813291139240486,800,20260812,10
hard_interference,-10.0,-5.0,179,mcldnn_reimplementation,MCLDNN,0.15603477253532144,-0.02536997388173363,-0.062385064782751,0.01519244043325078,0.02136259884402324,-0.016201117318435758,-0.05476256983240225,0.03184357541899441,800,20260812,10
hard_interference,-10.0,-5.0,179,iqformer_inspired,IQFormer,0.15603477253532144,-0.049933947727971856,-0.08984836800936663,-0.007847290083372127,0.019920153713906732,-0.05083798882681564,-0.09385474860335195,-0.007807262569832412,800,20260812,10
hard_interference,-10.0,-5.0,179,cssl_amc_supervised_adaptation,CSSL,0.15603477253532144,0.026416672879381275,-0.012972180995738547,0.06711303110068186,0.021580713717548453,0.05530726256983239,0.00893854748603352,0.10167597765363127,800,20260812,10
hard_interference,-10.0,-5.0,179,a0_backbone,A0,0.15603477253532144,0.0001470026086681661,-0.03569944327700569,0.035532125928380405,0.031129116513119504,0.010055865921787704,-0.02849162011173184,0.04861731843575418,800,20260812,10
hard_interference,-10.0,0.0,165,mcldnn_reimplementation,MCLDNN,0.20048524297558928,-0.020194650077838362,-0.06991010001144075,0.02967322786698921,0.040464433245806446,-0.02666666666666666,-0.07584848484848485,0.024863636363636355,800,20260812,10
hard_interference,-10.0,0.0,165,iqformer_inspired,IQFormer,0.20048524297558928,0.005743394740385035,-0.038212537487634396,0.05196260026753267,0.03387240447063038,-0.006666666666666663,-0.056393939393939385,0.044848484848484846,800,20260812,10
hard_interference,-10.0,0.0,165,cssl_amc_supervised_adaptation,CSSL,0.20048524297558928,0.05117959203332294,0.004185358429092015,0.10344996061016336,0.03774629999819131,0.05575757575757577,0.007878787878787877,0.10607575757575757,800,20260812,10
hard_interference,-10.0,0.0,165,a0_backbone,A0,0.20048524297558928,0.028327520235406422,-0.010275976226611956,0.07061003126094414,0.027778234328059648,0.0290909090909091,-0.012121212121212116,0.07334848484848483,800,20260812,10
hard_interference,-6.0,-15.0,156,mcldnn_reimplementation,MCLDNN,0.21870432817809832,0.10752730875740749,0.06078458000803667,0.15329678905999558,0.0327558290337735,0.08589743589743588,0.037163461538461534,0.13717948717948716,800,20260812,10
hard_interference,-6.0,-15.0,156,iqformer_inspired,IQFormer,0.21870432817809832,0.11854058994017133,0.06989311303455292,0.16498083836044938,0.036477154787908854,0.10705128205128205,0.05576923076923077,0.1577083333333333,800,20260812,10
hard_interference,-6.0,-15.0,156,cssl_amc_supervised_adaptation,CSSL,0.21870432817809832,0.08095843156711072,0.030372359925126054,0.1299998823032924,0.025920979306728424,0.08846153846153845,0.03588141025641026,0.13975961538461537,800,20260812,10
hard_interference,-6.0,-15.0,156,a0_backbone,A0,0.21870432817809832,0.03432860977171348,-0.009012729682230922,0.0746594146052158,0.03166682397315358,0.03461538461538461,-0.008974358974358974,0.07629807692307693,800,20260812,10
hard_interference,-6.0,-10.0,170,mcldnn_reimplementation,MCLDNN,0.2633343514564981,-0.014841956156352653,-0.06730384795102445,0.03780055715974062,0.03368453722996384,-0.011764705882352932,-0.07235294117647059,0.04472058823529411,800,20260812,10
hard_interference,-6.0,-10.0,170,iqformer_inspired,IQFormer,0.2633343514564981,-0.009523805423285417,-0.06276827921292787,0.044850272371612196,0.04334815330151675,-0.022352941176470586,-0.08588235294117648,0.03826470588235291,800,20260812,10
hard_interference,-6.0,-10.0,170,cssl_amc_supervised_adaptation,CSSL,0.2633343514564981,0.07245707728947948,0.02403352826876284,0.1261219444023313,0.03782467216515032,0.09823529411764706,0.04351470588235295,0.1553235294117647,800,20260812,10
hard_interference,-6.0,-10.0,170,a0_backbone,A0,0.2633343514564981,0.018444377851145072,-0.01736946725967259,0.06049401801932772,0.028593477653906338,0.024117647058823532,-0.01588235294117647,0.07117647058823529,800,20260812,10
hard_interference,-6.0,-5.0,139,mcldnn_reimplementation,MCLDNN,0.2815096791835944,-0.03534458021035181,-0.0982544633102809,0.025171687728155877,0.03385866335555297,-0.03309352517985611,-0.09640287769784171,0.024478417266187037,800,20260812,10
hard_interference,-6.0,-5.0,139,iqformer_inspired,IQFormer,0.2815096791835944,-0.0030795687134193587,-0.06867020482141538,0.058591071369904026,0.04497563827269963,-0.0035971223021582675,-0.06908273381294963,0.059010791366906463,800,20260812,10
hard_interference,-6.0,-5.0,139,cssl_amc_supervised_adaptation,CSSL,0.2815096791835944,0.0436241268418701,-0.015363870384836114,0.10140784248391983,0.05334786065201975,0.06546762589928057,0.005737410071942447,0.12375899280575538,800,20260812,10
hard_interference,-6.0,-5.0,139,a0_backbone,A0,0.2815096791835944,0.04928952008105824,0.010902283092467295,0.08872071987032804,0.034073997730787266,0.04532374100719425,0.0028776978417266196,0.08848920863309352,800,20260812,10
hard_interference,-6.0,0.0,163,mcldnn_reimplementation,MCLDNN,0.33354100686313715,-0.03579019793744044,-0.0864722626385315,0.015918957329126952,0.027410565665800225,-0.03190184049079754,-0.08345092024539878,0.019662576687116542,800,20260812,10
hard_interference,-6.0,0.0,163,iqformer_inspired,IQFormer,0.33354100686313715,-0.08879710934457302,-0.14977777243355103,-0.029328495625260163,0.03706330334922599,-0.07975460122699388,-0.13558282208588954,-0.023911042944785292,800,20260812,10
hard_interference,-6.0,0.0,163,cssl_amc_supervised_adaptation,CSSL,0.33354100686313715,0.12344588613183319,0.07266228462373277,0.18005437313977604,0.040238169887835976,0.13803680981595093,0.08771472392638037,0.19019938650306747,800,20260812,10
hard_interference,-6.0,0.0,163,a0_backbone,A0,0.33354100686313715,0.023809585003394668,-0.016559673963402192,0.06520263951271486,0.02769875271611953,0.03128834355828221,-0.008588957055214721,0.07179447852760736,800,20260812,10
hard_interference,-2.0,-15.0,131,mcldnn_reimplementation,MCLDNN,0.37297463488822713,0.1775934026917148,0.12379993995179134,0.22930240737832644,0.032539697665270796,0.20305343511450383,0.14349236641221377,0.2618511450381679,800,20260812,10
hard_interference,-2.0,-15.0,131,iqformer_inspired,IQFormer,0.37297463488822713,0.1566152265949607,0.0945394526534187,0.2215342726304426,0.0736574394566665,0.2,0.1267175572519084,0.26717557251908397,800,20260812,10
hard_interference,-2.0,-15.0,131,cssl_amc_supervised_adaptation,CSSL,0.37297463488822713,0.16442390123585957,0.09785786267502627,0.22793649349061731,0.0593698464191001,0.20992366412213742,0.1412022900763359,0.27101145038167934,800,20260812,10
hard_interference,-2.0,-15.0,131,a0_backbone,A0,0.37297463488822713,0.05181490887917837,0.004968902782165107,0.10097766185594065,0.0529436659796294,0.04427480916030532,-0.008416030534351141,0.1000572519083969,800,20260812,10
hard_interference,-2.0,-10.0,168,mcldnn_reimplementation,MCLDNN,0.45199650460786434,0.035564106093774396,-0.009718517292263376,0.08458684975942106,0.025456898912659554,0.03571428571428571,-0.013110119047619046,0.0875,800,20260812,10
hard_interference,-2.0,-10.0,168,iqformer_inspired,IQFormer,0.45199650460786434,0.02848710017278584,-0.02438013466225606,0.08511276674328838,0.050301499926785835,0.036904761904761905,-0.018482142857142853,0.09642857142857142,800,20260812,10
hard_interference,-2.0,-10.0,168,cssl_amc_supervised_adaptation,CSSL,0.45199650460786434,0.1480757169049683,0.10439860741519162,0.19641156076543131,0.024297093052322194,0.1875,0.14105654761904762,0.23334821428571426,800,20260812,10
hard_interference,-2.0,-10.0,168,a0_backbone,A0,0.45199650460786434,0.07062395476772068,0.029828786807542165,0.11800389616130977,0.04784934487825476,0.08095238095238093,0.03747023809523809,0.12857142857142856,800,20260812,10
hard_interference,-2.0,-5.0,159,mcldnn_reimplementation,MCLDNN,0.42995853427607045,0.0075447088500949725,-0.044732165716783026,0.05644982735583616,0.03374257731761869,0.013207547169811318,-0.03962264150943397,0.06477987421383648,800,20260812,10
hard_interference,-2.0,-5.0,159,iqformer_inspired,IQFormer,0.42995853427607045,-0.018792704514167886,-0.06166265816391667,0.02638059615108097,0.027732534844016152,-0.033333333333333326,-0.07800314465408806,0.013867924528301859,800,20260812,10
hard_interference,-2.0,-5.0,159,cssl_amc_supervised_adaptation,CSSL,0.42995853427607045,0.13536165280821938,0.08410711855121489,0.1875529169531337,0.03196025551593731,0.14339622641509436,0.09308176100628932,0.19372641509433963,800,20260812,10
hard_interference,-2.0,-5.0,159,a0_backbone,A0,0.42995853427607045,0.10387135448140565,0.06027004127913675,0.14617109371303472,0.040720907628994864,0.08930817610062895,0.041509433962264156,0.13584905660377358,800,20260812,10
hard_interference,-2.0,0.0,171,mcldnn_reimplementation,MCLDNN,0.4480874841113863,-0.10764106535263147,-0.15731125088218836,-0.057878941423886617,0.02216572740237531,-0.08421052631578949,-0.1368421052631579,-0.0327485380116959,800,20260812,10
hard_interference,-2.0,0.0,171,iqformer_inspired,IQFormer,0.4480874841113863,-0.11403359117461939,-0.1595925509350505,-0.0611657248463297,0.03669654104211531,-0.1058479532163743,-0.15381578947368424,-0.051403508771929875,800,20260812,10
hard_interference,-2.0,0.0,171,cssl_amc_supervised_adaptation,CSSL,0.4480874841113863,0.04458700258532724,-0.010721615794785241,0.09730861252612676,0.03054541239150241,0.07309941520467836,0.01577485380116959,0.12868421052631576,800,20260812,10
hard_interference,-2.0,0.0,171,a0_backbone,A0,0.4480874841113863,0.03594694506709481,-0.00023835906183165728,0.068604539898232,0.023620949025161785,0.04269005847953216,0.005248538011695907,0.08131578947368417,800,20260812,10
hard_interference,2.0,-15.0,146,mcldnn_reimplementation,MCLDNN,0.4042173409944348,0.10887133268845203,0.0592361018085128,0.16945662330771796,0.04789711787840566,0.12260273972602738,0.06642123287671234,0.18292808219178078,800,20260812,10
hard_interference,2.0,-15.0,146,iqformer_inspired,IQFormer,0.4042173409944348,0.11693470393237138,0.05280927189972442,0.18756037790876884,0.07064254928918591,0.13150684931506848,0.0636986301369863,0.20138698630136986,800,20260812,10
hard_interference,2.0,-15.0,146,cssl_amc_supervised_adaptation,CSSL,0.4042173409944348,0.10182281152401522,0.04909418701416604,0.15712229481799705,0.03237251353042021,0.1404109589041096,0.08424657534246574,0.1931849315068493,800,20260812,10
hard_interference,2.0,-15.0,146,a0_backbone,A0,0.4042173409944348,0.04342925711718211,0.0005356052880677666,0.0856463461563972,0.03778811987957875,0.036986301369863014,-0.00958904109589041,0.08493150684931507,800,20260812,10
hard_interference,2.0,-10.0,151,mcldnn_reimplementation,MCLDNN,0.5150399562766511,0.020559429556011068,-0.05603224617461361,0.08791666606988167,0.038579359287480255,0.0013245033112582849,-0.06624172185430463,0.06293046357615893,800,20260812,10
hard_interference,2.0,-10.0,151,iqformer_inspired,IQFormer,0.5150399562766511,-0.027658669006245234,-0.09965486310595294,0.03838477493028413,0.05315023741170922,-0.0443708609271523,-0.10794701986754966,0.01657284768211919,800,20260812,10
hard_interference,2.0,-10.0,151,cssl_amc_supervised_adaptation,CSSL,0.5150399562766511,0.14450028014263724,0.08025341523857873,0.20609740265353374,0.05193270441700971,0.15562913907284767,0.08940397350993379,0.2178973509933775,800,20260812,10
hard_interference,2.0,-10.0,151,a0_backbone,A0,0.5150399562766511,0.0901627724566382,0.033252011586397734,0.1490414107012691,0.033985231881353,0.07417218543046358,0.027814569536423844,0.11855960264900661,800,20260812,10
hard_interference,2.0,-5.0,147,mcldnn_reimplementation,MCLDNN,0.5271907871730539,-0.03715906030778603,-0.09227084350184223,0.017215399367466133,0.042721687079944684,-0.03197278911564625,-0.09457482993197279,0.029982993197278863,800,20260812,10
hard_interference,2.0,-5.0,147,iqformer_inspired,IQFormer,0.5271907871730539,-0.08156648467100339,-0.1418093437622758,-0.032083435136937434,0.05156949448199416,-0.0891156462585034,-0.14965986394557823,-0.03263605442176872,800,20260812,10
hard_interference,2.0,-5.0,147,cssl_amc_supervised_adaptation,CSSL,0.5271907871730539,0.09613045974813397,0.04064915113782013,0.15199307917538024,0.029896915891074398,0.11836734693877551,0.05576530612244898,0.17552721088435372,800,20260812,10
hard_interference,2.0,-5.0,147,a0_backbone,A0,0.5271907871730539,0.028896793336955107,-0.002394738110573434,0.059623231751985674,0.018031864408343812,0.023809523809523815,-0.008163265306122446,0.057823129251700675,800,20260812,10
hard_interference,2.0,0.0,174,mcldnn_reimplementation,MCLDNN,0.5430921928432324,-0.1149909916177942,-0.1521412599164398,-0.07410205688824265,0.02648032370124646,-0.09770114942528736,-0.1413793103448276,-0.05057471264367817,800,20260812,10
hard_interference,2.0,0.0,174,iqformer_inspired,IQFormer,0.5430921928432324,-0.13724464578260487,-0.17993457612643715,-0.09340914005282924,0.02258006718472015,-0.12298850574712646,-0.16666666666666669,-0.07757183908045978,800,20260812,10
hard_interference,2.0,0.0,174,cssl_amc_supervised_adaptation,CSSL,0.5430921928432324,0.007342354517814675,-0.03981029394192508,0.057348284004123465,0.025199890211483625,0.04137931034482758,-0.007485632183908047,0.09425287356321839,800,20260812,10
hard_interference,2.0,0.0,174,a0_backbone,A0,0.5430921928432324,0.04391798045094915,0.009030648125563773,0.078875833742007,0.027616203994977523,0.048275862068965496,0.009195402298850576,0.08679597701149426,800,20260812,10
hard_interference,6.0,-15.0,159,mcldnn_reimplementation,MCLDNN,0.46380854916729214,0.11665301505561339,0.05981390691160025,0.17773534896638166,0.021970752300016258,0.14025157232704405,0.08176100628930819,0.19748427672955976,800,20260812,10
hard_interference,6.0,-15.0,159,iqformer_inspired,IQFormer,0.46380854916729214,0.14681147098803912,0.08427981299732959,0.22393982693945116,0.07636889232253011,0.18427672955974844,0.12075471698113208,0.25660377358490566,800,20260812,10
hard_interference,6.0,-15.0,159,cssl_amc_supervised_adaptation,CSSL,0.46380854916729214,0.08687941224158939,0.027913321552451742,0.15487840770116235,0.04724011797773067,0.12955974842767295,0.06539308176100629,0.1975471698113207,800,20260812,10
hard_interference,6.0,-15.0,159,a0_backbone,A0,0.46380854916729214,0.05849489425946887,0.017829083550765474,0.09881548476269418,0.0258267506978882,0.04088050314465408,-0.001886792452830189,0.08301886792452831,800,20260812,10
hard_interference,6.0,-10.0,157,mcldnn_reimplementation,MCLDNN,0.5295248196138583,0.013954805583909585,-0.04198108529976407,0.07202914025343252,0.04749590097892453,0.01719745222929936,-0.04203821656050956,0.07455414012738852,800,20260812,10
hard_interference,6.0,-10.0,157,iqformer_inspired,IQFormer,0.5295248196138583,-0.058413574502829656,-0.1109140237660812,0.0005398752495539994,0.057594785537213644,-0.0573248407643312,-0.1159235668789809,0.003200636942675144,800,20260812,10
hard_interference,6.0,-10.0,157,cssl_amc_supervised_adaptation,CSSL,0.5295248196138583,0.11660052460883037,0.06570742248627379,0.16879733458209814,0.029693655367021395,0.1343949044585987,0.07961783439490447,0.1872611464968153,800,20260812,10
hard_interference,6.0,-10.0,157,a0_backbone,A0,0.5295248196138583,0.10143793095873702,0.06594588779083829,0.13792369162031248,0.03676239752127911,0.09299363057324839,0.05407643312101911,0.1337898089171974,800,20260812,10
hard_interference,6.0,-5.0,153,mcldnn_reimplementation,MCLDNN,0.5380020455044946,-0.07167283490849902,-0.11808643844879749,-0.018202440797167967,0.02798397264506313,-0.05947712418300651,-0.1143954248366013,0.0013888888888888141,800,20260812,10
hard_interference,6.0,-5.0,153,iqformer_inspired,IQFormer,0.5380020455044946,-0.13006705089969894,-0.174476473009831,-0.08364530632918085,0.022662669874024224,-0.11307189542483657,-0.15751633986928104,-0.06468954248366014,800,20260812,10
hard_interference,6.0,-5.0,153,cssl_amc_supervised_adaptation,CSSL,0.5380020455044946,0.00226383016904797,-0.049183283462643966,0.06683964852211077,0.03121553461800511,0.04901960784313726,-0.007859477124183006,0.11504901960784313,800,20260812,10
hard_interference,6.0,-5.0,153,a0_backbone,A0,0.5380020455044946,0.03067233434984835,-0.000828654820577785,0.06433588177030651,0.023603232905391635,0.024183006535947727,-0.010457516339869279,0.058186274509803904,800,20260812,10
hard_interference,6.0,0.0,140,mcldnn_reimplementation,MCLDNN,0.5987213001257538,-0.08588958126627899,-0.1356930305456478,-0.03986969171469125,0.022145873063521847,-0.0964285714285714,-0.15148214285714284,-0.0414107142857143,800,20260812,10
hard_interference,6.0,0.0,140,iqformer_inspired,IQFormer,0.5987213001257538,-0.11975037906836236,-0.16913361420048245,-0.06766269584158663,0.01843209434563947,-0.11714285714285713,-0.16860714285714287,-0.055714285714285716,800,20260812,10
hard_interference,6.0,0.0,140,cssl_amc_supervised_adaptation,CSSL,0.5987213001257538,0.01694116694270408,-0.03872728462253527,0.07945304806743511,0.03811134658324888,0.03785714285714288,-0.02,0.10071428571428571,800,20260812,10
hard_interference,6.0,0.0,140,a0_backbone,A0,0.5987213001257538,0.060630200724476765,0.021400629488835046,0.0978498919411544,0.03205463842911633,0.06785714285714285,0.024267857142857143,0.1135892857142857,800,20260812,10
hard_interference,10.0,-15.0,156,mcldnn_reimplementation,MCLDNN,0.4235985196158908,0.0710899668395787,0.003215088781965066,0.13552795834658726,0.053740352905603604,0.0846153846153846,0.02626602564102564,0.14299679487179484,800,20260812,10
hard_interference,10.0,-15.0,156,iqformer_inspired,IQFormer,0.4235985196158908,0.09501832779725118,0.022826319968478125,0.17153340809153098,0.08317516916673744,0.09294871794871792,0.026923076923076928,0.16733974358974357,800,20260812,10
hard_interference,10.0,-15.0,156,cssl_amc_supervised_adaptation,CSSL,0.4235985196158908,0.04861368716394144,-0.011330704696039777,0.10486276404411826,0.04280444934304687,0.060256410256410244,0.0006089743589743626,0.11474358974358974,800,20260812,10
hard_interference,10.0,-15.0,156,a0_backbone,A0,0.4235985196158908,0.04710652516236456,-0.005640776558426155,0.0955584287765285,0.056640204491160064,0.0378205128205128,-0.010929487179487177,0.0826923076923077,800,20260812,10
hard_interference,10.0,-10.0,132,mcldnn_reimplementation,MCLDNN,0.5156601811433529,0.00042055121351429746,-0.060012560355465344,0.06536268616306018,0.035922464135740476,0.026515151515151502,-0.028825757575757574,0.07954545454545454,800,20260812,10
hard_interference,10.0,-10.0,132,iqformer_inspired,IQFormer,0.5156601811433529,-0.05727605651161214,-0.1226199773736899,0.016831497226587947,0.06270487639601227,-0.028030303030303017,-0.08337121212121212,0.028806818181818166,800,20260812,10
hard_interference,10.0,-10.0,132,cssl_amc_supervised_adaptation,CSSL,0.5156601811433529,0.08041429181817006,0.02293857855750823,0.1412733355534407,0.033303342945218375,0.13257575757575757,0.07268939393939394,0.19166666666666668,800,20260812,10
hard_interference,10.0,-10.0,132,a0_backbone,A0,0.5156601811433529,0.07500795101878557,0.04129399508803606,0.11170057651760819,0.030310239367257814,0.0772727272727273,0.04015151515151515,0.11744318181818181,800,20260812,10
hard_interference,10.0,-5.0,166,mcldnn_reimplementation,MCLDNN,0.5212524012814022,-0.08480198697380395,-0.12936819578941217,-0.035301755198933776,0.021480504872539496,-0.08313253012048188,-0.13614457831325297,-0.030105421686746996,800,20260812,10
hard_interference,10.0,-5.0,166,iqformer_inspired,IQFormer,0.5212524012814022,-0.1330751259895813,-0.1780591405939518,-0.08243377704761466,0.023674183873858435,-0.1295180722891566,-0.181355421686747,-0.0746686746987952,800,20260812,10
hard_interference,10.0,-5.0,166,cssl_amc_supervised_adaptation,CSSL,0.5212524012814022,-0.02904193633311697,-0.08162303395054908,0.02640254893310705,0.040755681315073455,0.008433734939759052,-0.04579819277108434,0.06567771084337348,800,20260812,10
hard_interference,10.0,-5.0,166,a0_backbone,A0,0.5212524012814022,0.028950635796125657,0.00024223640549745295,0.0570003759471538,0.02643477163080427,0.01987951807228918,-0.010858433734939759,0.05121987951807228,800,20260812,10
hard_interference,10.0,0.0,144,mcldnn_reimplementation,MCLDNN,0.5674729443412746,-0.14365422371297817,-0.17863509771054226,-0.10686073535517694,0.024154369973050867,-0.11736111111111111,-0.15835069444444447,-0.07152777777777777,800,20260812,10
hard_interference,10.0,0.0,144,iqformer_inspired,IQFormer,0.5674729443412746,-0.19919257733796275,-0.24076079452599417,-0.1546088335162472,0.02768481890393174,-0.17708333333333334,-0.22085069444444447,-0.12986111111111112,800,20260812,10
hard_interference,10.0,0.0,144,cssl_amc_supervised_adaptation,CSSL,0.5674729443412746,-0.049675581957674166,-0.10197476491550794,0.00027566237650594126,0.03058719872023173,-0.006944444444444442,-0.05835069444444444,0.04307291666666665,800,20260812,10
hard_interference,10.0,0.0,144,a0_backbone,A0,0.5674729443412746,0.040948605477509094,0.008596628209407034,0.07256940661134022,0.021641034795766224,0.04444444444444445,0.01109375,0.0798958333333333,800,20260812,10
hard_interference,14.0,-15.0,142,mcldnn_reimplementation,MCLDNN,0.4816093251101585,0.12096590074960027,0.06372589502441389,0.18323093675999477,0.03891121669419073,0.10774647887323943,0.049278169014084515,0.16551056338028167,800,20260812,10
hard_interference,14.0,-15.0,142,iqformer_inspired,IQFormer,0.4816093251101585,0.12132824619472031,0.051516533184755076,0.19519016876161896,0.09542505667455875,0.11478873239436618,0.04364436619718311,0.1852112676056338,800,20260812,10
hard_interference,14.0,-15.0,142,cssl_amc_supervised_adaptation,CSSL,0.4816093251101585,0.10482447963965238,0.0440925919328187,0.16960356449650507,0.045040094523615355,0.11126760563380281,0.04505281690140846,0.17394366197183098,800,20260812,10
hard_interference,14.0,-15.0,142,a0_backbone,A0,0.4816093251101585,0.061218512826096805,0.01607134383877253,0.10630082135821267,0.04770390939648769,0.039436619718309855,-0.009172535211267605,0.08873239436619718,800,20260812,10
hard_interference,14.0,-10.0,149,mcldnn_reimplementation,MCLDNN,0.5610018674157068,-0.008253518001243965,-0.06625565440174343,0.047129679283806354,0.030357386757222337,0.014093959731543615,-0.04563758389261745,0.07115771812080535,800,20260812,10
hard_interference,14.0,-10.0,149,iqformer_inspired,IQFormer,0.5610018674157068,-0.07640470953708721,-0.13471251962339065,-0.01182783540846108,0.04427576945054176,-0.059731543624161075,-0.12080536912751676,0.001375838926174469,800,20260812,10
hard_interference,14.0,-10.0,149,cssl_amc_supervised_adaptation,CSSL,0.5610018674157068,0.0144569607709636,-0.04436782281410842,0.07793070798189747,0.02074793277488834,0.055033557046979875,-0.008053691275167784,0.11679530201342278,800,20260812,10
hard_interference,14.0,-10.0,149,a0_backbone,A0,0.5610018674157068,0.053557365979426674,0.014501292205176182,0.09105424627838284,0.03289187764856503,0.04362416107382551,0.0026845637583892633,0.0865939597315436,800,20260812,10
hard_interference,14.0,-5.0,144,mcldnn_reimplementation,MCLDNN,0.5653049063171507,-0.024365517048037966,-0.07079396046314047,0.022655338776714457,0.021714233804170115,-0.038194444444444454,-0.09166666666666667,0.01321180555555554,800,20260812,10
hard_interference,14.0,-5.0,144,iqformer_inspired,IQFormer,0.5653049063171507,-0.07611763740284491,-0.13357261561314882,-0.025605961248275643,0.042013018562224065,-0.0888888888888889,-0.1514236111111111,-0.02986111111111111,800,20260812,10
hard_interference,14.0,-5.0,144,cssl_amc_supervised_adaptation,CSSL,0.5653049063171507,0.008816398082051346,-0.049592240706562374,0.07106170012002713,0.03130377220286903,0.021527777777777767,-0.04166666666666667,0.08611111111111111,800,20260812,10
hard_interference,14.0,-5.0,144,a0_backbone,A0,0.5653049063171507,0.05034880279857725,0.01965305401230325,0.08087873874406655,0.021016512029651168,0.047916666666666684,0.01387152777777778,0.08333333333333334,800,20260812,10
hard_interference,14.0,0.0,175,mcldnn_reimplementation,MCLDNN,0.5965092675687748,-0.1062237949077729,-0.14496347446290678,-0.06644119054855281,0.025595342566985032,-0.09828571428571434,-0.13942857142857143,-0.05655714285714287,800,20260812,10
hard_interference,14.0,0.0,175,iqformer_inspired,IQFormer,0.5965092675687748,-0.14911888650680108,-0.19143471672716325,-0.10718710486313344,0.02142186780241248,-0.13600000000000007,-0.184,-0.09027142857142857,800,20260812,10
hard_interference,14.0,0.0,175,cssl_amc_supervised_adaptation,CSSL,0.5965092675687748,-0.033406924723686074,-0.08291301903943299,0.019748691970645056,0.04084452010208631,0.013142857142857123,-0.04114285714285714,0.06458571428571429,800,20260812,10
hard_interference,14.0,0.0,175,a0_backbone,A0,0.5965092675687748,0.03923252390415888,0.009599789972894273,0.06891834866938835,0.027589419755161167,0.03885714285714285,0.0028571428571428576,0.07257142857142856,800,20260812,10
hard_interference,18.0,-15.0,156,mcldnn_reimplementation,MCLDNN,0.4184584277370022,0.05715631070883226,-0.005805686902444068,0.1162899385309313,0.04635373035032095,0.0782051282051282,0.014102564102564105,0.13591346153846154,800,20260812,10
hard_interference,18.0,-15.0,156,iqformer_inspired,IQFormer,0.4184584277370022,0.0851207185953129,0.016091066614789405,0.1589933826008569,0.09109648715631949,0.09935897435897435,0.03333333333333334,0.1666826923076923,800,20260812,10
hard_interference,18.0,-15.0,156,cssl_amc_supervised_adaptation,CSSL,0.4184584277370022,0.03265104694524017,-0.024907794934624927,0.0970294245599559,0.046988732816621546,0.04038461538461539,-0.01798076923076923,0.10064102564102564,800,20260812,10
hard_interference,18.0,-15.0,156,a0_backbone,A0,0.4184584277370022,0.05453371333688682,0.011560238978049142,0.09476128810858103,0.04576374632889478,0.037179487179487186,-0.0019391025641025683,0.07567307692307688,800,20260812,10
hard_interference,18.0,-10.0,155,mcldnn_reimplementation,MCLDNN,0.5741024910533687,-0.004239205312870187,-0.0557098392538141,0.04861614021967747,0.036096898000921085,0.008387096774193558,-0.043241935483870966,0.05940322580645156,800,20260812,10
hard_interference,18.0,-10.0,155,iqformer_inspired,IQFormer,0.5741024910533687,-0.06864587271890446,-0.11495997945529837,-0.01815964753643916,0.028101844508508222,-0.056774193548387086,-0.10390322580645162,-0.0070645161290322864,800,20260812,10
hard_interference,18.0,-10.0,155,cssl_amc_supervised_adaptation,CSSL,0.5741024910533687,0.0706032407251072,0.00818706348972786,0.1290299071021024,0.027935655563874392,0.11096774193548387,0.046419354838709674,0.1690322580645161,800,20260812,10
hard_interference,18.0,-10.0,155,a0_backbone,A0,0.5741024910533687,0.06978351719867226,0.03669543367825752,0.10848642409985372,0.02780901545317261,0.06516129032258065,0.02709677419354839,0.10969354838709675,800,20260812,10
hard_interference,18.0,-5.0,163,mcldnn_reimplementation,MCLDNN,0.6114476939312216,-0.017125477710962823,-0.06564346114655875,0.03711238328255136,0.034620084270362825,0.004907975460122715,-0.043573619631901844,0.05766871165644172,800,20260812,10
hard_interference,18.0,-5.0,163,iqformer_inspired,IQFormer,0.6114476939312216,-0.0954685362763317,-0.14326127672590494,-0.03753050410382046,0.04249347421759356,-0.07177914110429448,-0.12210122699386504,-0.01717791411042945,800,20260812,10
hard_interference,18.0,-5.0,163,cssl_amc_supervised_adaptation,CSSL,0.6114476939312216,0.04643285801149831,-0.004990083508093269,0.11066343696440274,0.02437854717462983,0.10306748466257669,0.04785276073619632,0.16565950920245395,800,20260812,10
hard_interference,18.0,-5.0,163,a0_backbone,A0,0.6114476939312216,0.026853069049752553,0.0011798804474851391,0.05449397827947693,0.01825049843689561,0.02760736196319018,-0.00308282208588957,0.0607361963190184,800,20260812,10
hard_interference,18.0,0.0,151,mcldnn_reimplementation,MCLDNN,0.5858930970449566,-0.11424071660014401,-0.1534840399397084,-0.07491354531045781,0.022922101298166006,-0.10728476821192054,-0.14836092715231788,-0.06622516556291391,800,20260812,10
hard_interference,18.0,0.0,151,iqformer_inspired,IQFormer,0.5858930970449566,-0.18792781692855676,-0.2254378627049056,-0.14780119662173738,0.028721160791004084,-0.16490066225165564,-0.20531456953642385,-0.1238245033112583,800,20260812,10
hard_interference,18.0,0.0,151,cssl_amc_supervised_adaptation,CSSL,0.5858930970449566,-0.04575091643813726,-0.09986082784067542,0.010657727286281267,0.024655875099197293,-0.006622516556291402,-0.06293046357615896,0.051655629139072845,800,20260812,10
hard_interference,18.0,0.0,151,a0_backbone,A0,0.5858930970449566,0.0289674121174754,0.0016653273745011845,0.05176119806514085,0.01685544584016536,0.02516556291390728,-0.0052980132450331134,0.050993377483443715,800,20260812,10
