regime,axis,level_db,candidate,reference,reference_short,row_count,macro_f1_difference,macro_f1_ci95_low,macro_f1_ci95_high,macro_f1_seed_std,accuracy_difference,accuracy_ci95_low,accuracy_ci95_high,bootstrap_draws,bootstrap_seed,algorithm_seed_count
id_test,snr_db,-10.0,a5_vimd_full,a0_backbone,A0,590,0.0173570528283695,-0.0036631422418919,0.0395364797779802,0.0218642297712201,0.0201694915254237,-0.0015296610169491,0.0434025423728813,1000,20260812,10
id_test,snr_db,-10.0,a5_vimd_full,cssl_amc_supervised_adaptation,CSSL,590,0.0759356848647642,0.0480126400147681,0.1044292576864736,0.0206773331068735,0.0950847457627118,0.0677881355932203,0.1242499999999999,1000,20260812,10
id_test,snr_db,-10.0,a5_vimd_full,mcldnn_reimplementation,MCLDNN,590,-0.0120161872794224,-0.038526547222118,0.0147609944764542,0.0164027842210556,-0.0096610169491525,-0.0372881355932203,0.0174745762711864,1000,20260812,10
id_test,snr_db,-10.0,a5_vimd_full,iqformer_inspired,IQFormer,590,-0.0379312295845781,-0.0644723037457666,-0.007462302273061,0.0180412363905962,-0.0357627118644067,-0.0628940677966101,-0.0057584745762711,1000,20260812,10
id_test,snr_db,-6.0,a5_vimd_full,a0_backbone,A0,587,0.0528875691547638,0.0306202684040667,0.0756286861211391,0.0169472353695359,0.0512776831345826,0.0294718909710391,0.0737819420783645,1000,20260812,10
id_test,snr_db,-6.0,a5_vimd_full,cssl_amc_supervised_adaptation,CSSL,587,0.1023884233244596,0.0680108073024202,0.1385730367008027,0.027794102078023,0.1235093696763203,0.0896081771720613,0.1599701873935264,1000,20260812,10
id_test,snr_db,-6.0,a5_vimd_full,mcldnn_reimplementation,MCLDNN,587,-0.0600558370915307,-0.089576771655706,-0.0307466399414319,0.0156817051448871,-0.0739352640545144,-0.1035775127768313,-0.0432623509369676,1000,20260812,10
id_test,snr_db,-6.0,a5_vimd_full,iqformer_inspired,IQFormer,587,-0.0708536069748353,-0.1031429873122131,-0.0395492322791973,0.0203841388681818,-0.0834752981260647,-0.1146507666098807,-0.0502470187393526,1000,20260812,10
id_test,snr_db,-2.0,a5_vimd_full,a0_backbone,A0,643,0.0726061659001265,0.0507317274883697,0.0927449757627485,0.0125192387388427,0.0701399688958009,0.0486625194401244,0.0920684292379471,1000,20260812,10
id_test,snr_db,-2.0,a5_vimd_full,cssl_amc_supervised_adaptation,CSSL,643,0.1060218862601016,0.0791506916536622,0.1373232458676334,0.0181863462903078,0.1066874027993779,0.0802371695178849,0.1374961119751166,1000,20260812,10
id_test,snr_db,-2.0,a5_vimd_full,mcldnn_reimplementation,MCLDNN,643,-0.0627871481047856,-0.0898791680100577,-0.0334586512798408,0.0202335470378594,-0.0678071539657853,-0.0962713841368584,-0.0374766718506998,1000,20260812,10
id_test,snr_db,-2.0,a5_vimd_full,iqformer_inspired,IQFormer,643,-0.0938598142502664,-0.1231922794254923,-0.066653978747949,0.0182556991885365,-0.0936236391912908,-0.1227138413685847,-0.0660769828926905,1000,20260812,10
id_test,snr_db,2.0,a5_vimd_full,a0_backbone,A0,637,0.0565219120956631,0.0342365723590951,0.0783311761965483,0.0231024980224598,0.0557299843014128,0.0332770800627943,0.0781828885400313,1000,20260812,10
id_test,snr_db,2.0,a5_vimd_full,cssl_amc_supervised_adaptation,CSSL,637,0.0357410323646422,0.0093408659032477,0.0610720284137774,0.0104848676239473,0.0485086342229199,0.0222880690737833,0.0736302982731554,1000,20260812,10
id_test,snr_db,2.0,a5_vimd_full,mcldnn_reimplementation,MCLDNN,637,-0.1149594612399898,-0.1424668832352953,-0.0883929331409864,0.0213295092229522,-0.1139717425431711,-0.1414442700156986,-0.0880612244897959,1000,20260812,10
id_test,snr_db,2.0,a5_vimd_full,iqformer_inspired,IQFormer,637,-0.1472836555974356,-0.1762312992460993,-0.1168515799443242,0.0261888802412649,-0.1379905808477237,-0.1659340659340659,-0.1092621664050235,1000,20260812,10
id_test,snr_db,6.0,a5_vimd_full,a0_backbone,A0,631,0.0652679116669341,0.0455477300824093,0.0857944163024546,0.0155042086269581,0.0625990491283676,0.0442115689381933,0.0819374009508716,1000,20260812,10
id_test,snr_db,6.0,a5_vimd_full,cssl_amc_supervised_adaptation,CSSL,631,0.0077612414103016,-0.0193939541479304,0.0368493000609181,0.0132803508712764,0.0125198098256735,-0.0152179080824088,0.0410499207606973,1000,20260812,10
id_test,snr_db,6.0,a5_vimd_full,mcldnn_reimplementation,MCLDNN,631,-0.1027622508697496,-0.1278134116112984,-0.0785197561646875,0.0159538917329842,-0.1099841521394612,-0.1342313787638668,-0.0846236133122028,1000,20260812,10
id_test,snr_db,6.0,a5_vimd_full,iqformer_inspired,IQFormer,631,-0.1674622928046769,-0.1951575651755484,-0.1413169354547407,0.0162551449409413,-0.1576862123613312,-0.1844889064976228,-0.1316917591125198,1000,20260812,10
id_test,snr_db,10.0,a5_vimd_full,a0_backbone,A0,666,0.0399459425745329,0.0202881833260988,0.059726414059718,0.0211695547346612,0.0436936936936936,0.0223723723723723,0.0644144144144144,1000,20260812,10
id_test,snr_db,10.0,a5_vimd_full,cssl_amc_supervised_adaptation,CSSL,666,0.0187641864502182,-0.0086635172383134,0.0463005738398561,0.0219516487464437,0.0295795795795795,0.0002965465465465,0.0581118618618618,1000,20260812,10
id_test,snr_db,10.0,a5_vimd_full,mcldnn_reimplementation,MCLDNN,666,-0.0930022572288417,-0.1171958015734542,-0.0675515406808514,0.0204528929394671,-0.0974474474474474,-0.1243318318318318,-0.0711711711711711,1000,20260812,10
id_test,snr_db,10.0,a5_vimd_full,iqformer_inspired,IQFormer,666,-0.1585155270969726,-0.1888376539921571,-0.128045708991194,0.0328033731623486,-0.1496996996996996,-0.1815352852852852,-0.1192117117117117,1000,20260812,10
id_test,snr_db,14.0,a5_vimd_full,a0_backbone,A0,616,0.0638342116894509,0.0441258513585917,0.0845200802884763,0.0167575167790421,0.0641233766233766,0.0431818181818181,0.0862094155844155,1000,20260812,10
id_test,snr_db,14.0,a5_vimd_full,cssl_amc_supervised_adaptation,CSSL,616,0.044620661643497,0.0149180305516686,0.0729667249075419,0.0143212003654372,0.0702922077922078,0.0404220779220779,0.0993547077922077,1000,20260812,10
id_test,snr_db,14.0,a5_vimd_full,mcldnn_reimplementation,MCLDNN,616,-0.0822990231764736,-0.1101269475769728,-0.0547196016030828,0.0228475251712522,-0.0702922077922078,-0.0980560064935065,-0.043502435064935,1000,20260812,10
id_test,snr_db,14.0,a5_vimd_full,iqformer_inspired,IQFormer,616,-0.1497601712709738,-0.1835027094757874,-0.1192759421470347,0.0343810986910223,-0.1282467532467532,-0.1613636363636363,-0.0978855519480519,1000,20260812,10
id_test,snr_db,18.0,a5_vimd_full,a0_backbone,A0,630,0.0543294292017169,0.0357614047478039,0.0726032650955875,0.0154944607416615,0.0566666666666666,0.0376150793650793,0.0742896825396825,1000,20260812,10
id_test,snr_db,18.0,a5_vimd_full,cssl_amc_supervised_adaptation,CSSL,630,0.0153036156358022,-0.0114341683979634,0.0437089498650602,0.0168760912281235,0.0369841269841269,0.0119007936507936,0.062063492063492,1000,20260812,10
id_test,snr_db,18.0,a5_vimd_full,mcldnn_reimplementation,MCLDNN,630,-0.0911756286892806,-0.1150219970325192,-0.0674948376295587,0.0213944947665158,-0.0766666666666666,-0.0999999999999999,-0.0541230158730158,1000,20260812,10
id_test,snr_db,18.0,a5_vimd_full,iqformer_inspired,IQFormer,630,-0.1566146433583733,-0.1851689347981953,-0.1274773916334864,0.0318622734454904,-0.1271428571428571,-0.1533492063492063,-0.1011111111111111,1000,20260812,10
id_test,sir_db,-10.0,a5_vimd_full,a0_backbone,A0,807,0.0647464895050519,0.04482339233434,0.0847422256280194,0.0191903791095879,0.0619578686493184,0.0403872366790582,0.0833952912019826,1000,20260812,10
id_test,sir_db,-10.0,a5_vimd_full,cssl_amc_supervised_adaptation,CSSL,807,0.0716212699854728,0.043772228397335,0.0983746734144137,0.019190059156825,0.1083023543990086,0.0814095415117719,0.1347026022304832,1000,20260812,10
id_test,sir_db,-10.0,a5_vimd_full,mcldnn_reimplementation,MCLDNN,807,-0.03151076763698,-0.0576020940459784,-0.0066338836043676,0.0221578289754341,-0.0089219330855018,-0.0348234200743494,0.0152416356877323,1000,20260812,10
id_test,sir_db,-10.0,a5_vimd_full,iqformer_inspired,IQFormer,807,-0.0850547665799861,-0.1115942692707086,-0.0578095344290022,0.0189452543586968,-0.0629491945477075,-0.0884789343246592,-0.0381598513011152,1000,20260812,10
id_test,sir_db,-5.0,a5_vimd_full,a0_backbone,A0,814,0.0568024152258551,0.0360344457364887,0.076031598152794,0.0222845032681803,0.0576167076167076,0.0363513513513513,0.0772757985257985,1000,20260812,10
id_test,sir_db,-5.0,a5_vimd_full,cssl_amc_supervised_adaptation,CSSL,814,0.048934506682505,0.0200468711228814,0.078881025932302,0.0239828570891199,0.0971744471744471,0.0694103194103194,0.1260503685503685,1000,20260812,10
id_test,sir_db,-5.0,a5_vimd_full,mcldnn_reimplementation,MCLDNN,814,-0.0598837634771041,-0.0856662028635337,-0.0320036733732841,0.0230045211374801,-0.0366093366093365,-0.0611855036855036,-0.0111701474201474,1000,20260812,10
id_test,sir_db,-5.0,a5_vimd_full,iqformer_inspired,IQFormer,814,-0.0964305913231199,-0.1296674598183015,-0.0652189777584682,0.0282176051923957,-0.0686732186732186,-0.0996375921375921,-0.0395423832923833,1000,20260812,10
id_test,sir_db,0.0,a5_vimd_full,a0_backbone,A0,1769,0.0401981675294797,0.0267071523246538,0.0537954493246922,0.0096176251922246,0.0571509327303561,0.0431868287167891,0.0723586772187676,1000,20260812,10
id_test,sir_db,0.0,a5_vimd_full,cssl_amc_supervised_adaptation,CSSL,1769,0.0826668782825375,0.0630541317257842,0.1015390432033633,0.0123930290033534,0.1200678349349914,0.0991492368569813,0.1396848501978518,1000,20260812,10
id_test,sir_db,0.0,a5_vimd_full,mcldnn_reimplementation,MCLDNN,1769,-0.0922254919611799,-0.1130568182834024,-0.072020080635473,0.0198570591548853,-0.0865460712266817,-0.1032829282080271,-0.0696989824759751,1000,20260812,10
id_test,sir_db,0.0,a5_vimd_full,iqformer_inspired,IQFormer,1769,-0.1279046347286296,-0.1564503250164577,-0.1010308587187437,0.0309892601963932,-0.1083663086489542,-0.1321664782362917,-0.0836630864895421,1000,20260812,10
id_test,sir_db,5.0,a5_vimd_full,a0_backbone,A0,835,0.0450022887559391,0.0275771736421051,0.0633973640179055,0.0149865028252011,0.0464670658682634,0.0289790419161676,0.0632365269461077,1000,20260812,10
id_test,sir_db,5.0,a5_vimd_full,cssl_amc_supervised_adaptation,CSSL,835,-0.0222137093414816,-0.0487924215426452,0.0061763606434382,0.0214081872477363,-0.0039520958083832,-0.0300598802395209,0.0238353293413173,1000,20260812,10
id_test,sir_db,5.0,a5_vimd_full,mcldnn_reimplementation,MCLDNN,835,-0.1184749981880452,-0.1394339840245897,-0.0966188758772842,0.0140078996938437,-0.1140119760479042,-0.1353353293413173,-0.0896856287425149,1000,20260812,10
id_test,sir_db,5.0,a5_vimd_full,iqformer_inspired,IQFormer,835,-0.1891724256998792,-0.2166944901241418,-0.1614109877762419,0.0186025344731138,-0.1740119760479042,-0.1996467065868263,-0.1471826347305389,1000,20260812,10
id_test,sir_db,10.0,a5_vimd_full,a0_backbone,A0,775,0.0452128146524233,0.0268436682346191,0.0651107664800625,0.0187159438411285,0.0381935483870967,0.0187032258064516,0.0583322580645161,1000,20260812,10
id_test,sir_db,10.0,a5_vimd_full,cssl_amc_supervised_adaptation,CSSL,775,-0.071076113360714,-0.098535191984931,-0.0428999304932169,0.0140330226765139,-0.0687741935483871,-0.0961322580645161,-0.0425774193548387,1000,20260812,10
id_test,sir_db,10.0,a5_vimd_full,mcldnn_reimplementation,MCLDNN,775,-0.1316197756507393,-0.1572995775961708,-0.1053942134736789,0.0206484014273521,-0.1366451612903226,-0.1627096774193548,-0.1114741935483871,1000,20260812,10
id_test,sir_db,10.0,a5_vimd_full,iqformer_inspired,IQFormer,775,-0.1698551366267927,-0.1954649659287219,-0.142934977436151,0.0238816578671566,-0.1713548387096774,-0.1960032258064516,-0.1448741935483871,1000,20260812,10
hard_interference,snr_db,-10.0,a5_vimd_full,a0_backbone,A0,683,0.0142263629530148,-0.0056470283668217,0.0334879685724352,0.0135934269916685,0.0163982430453879,-0.0021961932650073,0.0355819912152269,1000,20260812,10
hard_interference,snr_db,-10.0,a5_vimd_full,cssl_amc_supervised_adaptation,CSSL,683,0.0534850458267719,0.0297933377349215,0.0758643151430597,0.0139147085412388,0.060614934114202,0.036599560761347,0.0837518301610541,1000,20260812,10
hard_interference,snr_db,-10.0,a5_vimd_full,mcldnn_reimplementation,MCLDNN,683,0.0192509239402899,-0.0004701911494099,0.0411110337336385,0.0085063537485187,0.0174231332357247,-0.0038067349926793,0.040413616398243,1000,20260812,10
hard_interference,snr_db,-10.0,a5_vimd_full,iqformer_inspired,IQFormer,683,0.0037717704324905,-0.0193262041767866,0.0278782002362136,0.0175555414069732,0.0014641288433382,-0.0234333821376281,0.0253404099560761,1000,20260812,10
hard_interference,snr_db,-6.0,a5_vimd_full,a0_backbone,A0,628,0.0302957255080237,0.0098450063149381,0.0499787839030257,0.0096682195110576,0.03328025477707,0.0114570063694267,0.0544705414012738,1000,20260812,10
hard_interference,snr_db,-6.0,a5_vimd_full,cssl_amc_supervised_adaptation,CSSL,628,0.0808181043424018,0.0537208764808187,0.1047719508196693,0.0164340909269837,0.0988853503184713,0.0707006369426751,0.1237261146496815,1000,20260812,10
hard_interference,snr_db,-6.0,a5_vimd_full,mcldnn_reimplementation,MCLDNN,628,-0.0054849664195635,-0.0336718602985962,0.0236107188602808,0.0189723573355347,0.0025477707006369,-0.0261226114649681,0.0318670382165604,1000,20260812,10
hard_interference,snr_db,-6.0,a5_vimd_full,iqformer_inspired,IQFormer,628,-0.0090219567359836,-0.0420273918344425,0.021880626032465,0.0312032714732799,-0.0009554140127388,-0.0350358280254777,0.030577229299363,1000,20260812,10
hard_interference,snr_db,-2.0,a5_vimd_full,a0_backbone,A0,629,0.0636433508392401,0.0419201340578139,0.0904045818010263,0.0245140589767833,0.0650238473767885,0.0397456279809221,0.0963513513513513,1000,20260812,10
hard_interference,snr_db,-2.0,a5_vimd_full,cssl_amc_supervised_adaptation,CSSL,629,0.1148441705659859,0.0897586717603748,0.1435182692899481,0.0200182612844939,0.1499205087440381,0.1233585055643879,0.1793402225755167,1000,20260812,10
hard_interference,snr_db,-2.0,a5_vimd_full,mcldnn_reimplementation,MCLDNN,629,0.0069006372812786,-0.0200019232857343,0.0348150393708393,0.016495708506348,0.0322734499205087,0.005560413354531,0.0602583465818759,1000,20260812,10
hard_interference,snr_db,-2.0,a5_vimd_full,iqformer_inspired,IQFormer,629,-0.0068387392677226,-0.0412615499179915,0.0273256510742984,0.0358480916029618,0.0143084260731319,-0.0200317965023847,0.0486565977742448,1000,20260812,10
hard_interference,snr_db,2.0,a5_vimd_full,a0_backbone,A0,618,0.0508844952398673,0.029822239110709,0.0738796289234904,0.0180091298303521,0.0461165048543689,0.0224838187702265,0.0697491909385113,1000,20260812,10
hard_interference,snr_db,2.0,a5_vimd_full,cssl_amc_supervised_adaptation,CSSL,618,0.074712151101017,0.0480399734722691,0.1042068859949539,0.0207059842580822,0.1110032362459547,0.0821925566343042,0.1393284789644013,1000,20260812,10
hard_interference,snr_db,2.0,a5_vimd_full,mcldnn_reimplementation,MCLDNN,618,-0.0243039532081464,-0.0543426569814712,0.0081863010766452,0.0291894245695659,-0.0058252427184465,-0.0412661812297734,0.0296156957928802,1000,20260812,10
hard_interference,snr_db,2.0,a5_vimd_full,iqformer_inspired,IQFormer,618,-0.0550599396446458,-0.085844764399881,-0.0214567066155685,0.0370482724039553,-0.0355987055016181,-0.0700728155339805,-0.0016181229773462,1000,20260812,10
hard_interference,snr_db,6.0,a5_vimd_full,a0_backbone,A0,609,0.0626631489883305,0.0393808475874562,0.0843254455211594,0.0220892594586773,0.0563218390804597,0.0323481116584564,0.0789901477832512,1000,20260812,10
hard_interference,snr_db,6.0,a5_vimd_full,cssl_amc_supervised_adaptation,CSSL,609,0.0562247088602451,0.0254888717820708,0.0873190983989844,0.022145358506899,0.0894909688013136,0.0571346469622331,0.1211822660098522,1000,20260812,10
hard_interference,snr_db,6.0,a5_vimd_full,mcldnn_reimplementation,MCLDNN,609,-0.0100737883094764,-0.0397739261207839,0.0195397065786555,0.0248715161032033,0.0039408866995073,-0.0267816091954023,0.034663382594417,1000,20260812,10
hard_interference,snr_db,6.0,a5_vimd_full,iqformer_inspired,IQFormer,609,-0.0426094274606038,-0.0744650981819331,-0.009655702776092,0.0345975834494951,-0.0220032840722495,-0.0586206896551724,0.0162643678160919,1000,20260812,10
hard_interference,snr_db,10.0,a5_vimd_full,a0_backbone,A0,598,0.0505733867540505,0.0339201652858216,0.0688335900263214,0.0161891291458834,0.04314381270903,0.0252466555183946,0.0625459866220735,1000,20260812,10
hard_interference,snr_db,10.0,a5_vimd_full,cssl_amc_supervised_adaptation,CSSL,598,0.010711610331344,-0.0173507770173384,0.0386590469080731,0.020128535352896,0.0456521739130434,0.0175501672240802,0.0729138795986622,1000,20260812,10
hard_interference,snr_db,10.0,a5_vimd_full,mcldnn_reimplementation,MCLDNN,598,-0.0403533410418702,-0.0671278449217132,-0.0120898894930651,0.0204372607217293,-0.0234113712374582,-0.0516722408026755,0.0055267558528428,1000,20260812,10
hard_interference,snr_db,10.0,a5_vimd_full,iqformer_inspired,IQFormer,598,-0.0831019803197574,-0.1132732017335055,-0.0486473881721214,0.0312099388978242,-0.0605351170568562,-0.0938210702341137,-0.0259155518394648,1000,20260812,10
hard_interference,snr_db,14.0,a5_vimd_full,a0_backbone,A0,610,0.0512384000568656,0.034075233092314,0.0683718309556203,0.0161422190916079,0.0422950819672131,0.0196721311475409,0.0631188524590163,1000,20260812,10
hard_interference,snr_db,14.0,a5_vimd_full,cssl_amc_supervised_adaptation,CSSL,610,0.0175861391670354,-0.0129179222873788,0.0467964290856449,0.0197506173623517,0.0481967213114754,0.015233606557377,0.0790286885245901,1000,20260812,10
hard_interference,snr_db,14.0,a5_vimd_full,mcldnn_reimplementation,MCLDNN,610,-0.0187867602211392,-0.0466352743023013,0.0084905826721365,0.0168271931323171,-0.0086885245901639,-0.0380368852459016,0.0195122950819672,1000,20260812,10
hard_interference,snr_db,14.0,a5_vimd_full,iqformer_inspired,IQFormer,610,-0.0641560086652338,-0.0957560001970302,-0.0293074914438107,0.0370320433859095,-0.0478688524590163,-0.0821516393442623,-0.0101393442622951,1000,20260812,10
hard_interference,snr_db,18.0,a5_vimd_full,a0_backbone,A0,625,0.0472725039475567,0.0304836081234816,0.0642557492581038,0.0157797678371967,0.0387199999999999,0.019516,0.0553799999999999,1000,20260812,10
hard_interference,snr_db,18.0,a5_vimd_full,cssl_amc_supervised_adaptation,CSSL,625,0.0206334383924494,-0.0078305000668647,0.0497836892473574,0.0144893247755115,0.06288,0.0311959999999999,0.0936079999999999,1000,20260812,10
hard_interference,snr_db,18.0,a5_vimd_full,mcldnn_reimplementation,MCLDNN,625,-0.0238404937378949,-0.048566246741266,0.003782852774823,0.0195266138127859,-0.00304,-0.030244,0.0233679999999999,1000,20260812,10
hard_interference,snr_db,18.0,a5_vimd_full,iqformer_inspired,IQFormer,625,-0.0723934459131337,-0.1027151949501516,-0.0416451782109462,0.0349689554411049,-0.0478399999999999,-0.0808079999999999,-0.013592,1000,20260812,10
hard_interference,sir_db,-15.0,a5_vimd_full,a0_backbone,A0,1227,0.0427674697990278,0.0249105660009733,0.0589415007205305,0.0199081729936226,0.03480032599837,0.0158903830480847,0.0533822330888345,1000,20260812,10
hard_interference,sir_db,-15.0,a5_vimd_full,cssl_amc_supervised_adaptation,CSSL,1227,0.0745662248459259,0.0514177229336593,0.0976121736421929,0.0248823500704181,0.1029339853300733,0.0792135289323553,0.1265709046454768,1000,20260812,10
hard_interference,sir_db,-15.0,a5_vimd_full,mcldnn_reimplementation,MCLDNN,1227,0.097414786530902,0.0755555547545119,0.1215481040695154,0.0244337272488713,0.1099429502852485,0.0884189079054604,0.1318704156479217,1000,20260812,10
hard_interference,sir_db,-15.0,a5_vimd_full,iqformer_inspired,IQFormer,1227,0.1045805673896561,0.0693053902252988,0.1413861486455031,0.0570540002617713,0.1230643846780766,0.0889914425427872,0.1587652811735941,1000,20260812,10
hard_interference,sir_db,-10.0,a5_vimd_full,a0_backbone,A0,1240,0.0592619304843142,0.0428943573495376,0.0745853153958918,0.0164883328429658,0.0585483870967742,0.040625,0.0759737903225806,1000,20260812,10
hard_interference,sir_db,-10.0,a5_vimd_full,cssl_amc_supervised_adaptation,CSSL,1240,0.0824679073057312,0.0613693405119045,0.1024137522914833,0.0140418257654319,0.1174193548387096,0.0962842741935483,0.1375141129032258,1000,20260812,10
hard_interference,sir_db,-10.0,a5_vimd_full,mcldnn_reimplementation,MCLDNN,1240,-0.0016363174045969,-0.0243208773660404,0.0223572188932662,0.0212814839472372,0.0153225806451612,-0.0087923387096774,0.0393568548387096,1000,20260812,10
hard_interference,sir_db,-10.0,a5_vimd_full,iqformer_inspired,IQFormer,1240,-0.0395442709915937,-0.066986502715514,-0.0110971034566573,0.0330560602676934,-0.0296774193548387,-0.0583064516129032,-0.0001532258064516,1000,20260812,10
hard_interference,sir_db,-5.0,a5_vimd_full,a0_backbone,A0,1250,0.0407097412906996,0.0273709382373315,0.0544479776546324,0.0136022124508113,0.03536,0.0207979999999999,0.0508819999999999,1000,20260812,10
hard_interference,sir_db,-5.0,a5_vimd_full,cssl_amc_supervised_adaptation,CSSL,1250,0.0326166768855361,0.011505003857002,0.0535265789378322,0.0146431794583392,0.0703999999999999,0.0496,0.091842,1000,20260812,10
hard_interference,sir_db,-5.0,a5_vimd_full,mcldnn_reimplementation,MCLDNN,1250,-0.0477202024042117,-0.0665035879314005,-0.0283611785321835,0.0123411785772156,-0.03016,-0.04992,-0.00927,1000,20260812,10
hard_interference,sir_db,-5.0,a5_vimd_full,iqformer_inspired,IQFormer,1250,-0.0854905289696791,-0.1061598369121637,-0.0645229237012247,0.0204263429786382,-0.07304,-0.0943199999999999,-0.050396,1000,20260812,10
hard_interference,sir_db,0.0,a5_vimd_full,a0_backbone,A0,1283,0.0382639271425531,0.0251238362057331,0.0515407447021314,0.0090939773328764,0.0406079501169134,0.0256391270459859,0.0555066250974278,1000,20260812,10
hard_interference,sir_db,0.0,a5_vimd_full,cssl_amc_supervised_adaptation,CSSL,1283,0.0138581509492665,-0.0046472010395521,0.0341227226800219,0.0115580203224456,0.044427123928293,0.0258749025720966,0.0638367108339828,1000,20260812,10
hard_interference,sir_db,0.0,a5_vimd_full,mcldnn_reimplementation,MCLDNN,1283,-0.0958154843089268,-0.1141867430893316,-0.0779971925224334,0.0131211258067895,-0.0816835541699142,-0.1001597817614965,-0.0639068589243959,1000,20260812,10
hard_interference,sir_db,0.0,a5_vimd_full,iqformer_inspired,IQFormer,1283,-0.128905565401547,-0.1493653544898939,-0.1088301355913727,0.0194286981346204,-0.1123928293063133,-0.1325798908807482,-0.092437646141855,1000,20260812,10
unseen_jammer,snr_db,-10.0,a5_vimd_full,a0_backbone,A0,637,0.0206734984857911,-0.0009129232607638,0.0406230427635847,0.0215260452366469,0.0163265306122448,-0.0047095761381475,0.0372056514913657,1000,20260812,10
unseen_jammer,snr_db,-10.0,a5_vimd_full,cssl_amc_supervised_adaptation,CSSL,637,0.0454643534033778,0.0235728358245051,0.0706185454981505,0.0149148297170501,0.0547880690737833,0.0326491365777079,0.080223704866562,1000,20260812,10
unseen_jammer,snr_db,-10.0,a5_vimd_full,mcldnn_reimplementation,MCLDNN,637,-0.0216525796823661,-0.0446343685373089,0.0010757514688237,0.0174407065050212,-0.0291993720565149,-0.0535400313971742,-0.0051805337519623,1000,20260812,10
unseen_jammer,snr_db,-10.0,a5_vimd_full,iqformer_inspired,IQFormer,637,-0.0197989323644003,-0.0441358872021084,0.0037963859466032,0.0177009083250091,-0.0312401883830455,-0.0568288854003139,-0.00611852433281,1000,20260812,10
unseen_jammer,snr_db,-6.0,a5_vimd_full,a0_backbone,A0,585,0.031589420586745,0.0068247570713999,0.0565880028246478,0.0222636443831372,0.0294017094017093,0.0049529914529914,0.0533376068376068,1000,20260812,10
unseen_jammer,snr_db,-6.0,a5_vimd_full,cssl_amc_supervised_adaptation,CSSL,585,0.0762538535192015,0.0476899888345736,0.1038138978273412,0.0219542693849645,0.1003418803418803,0.0714401709401709,0.1290683760683761,1000,20260812,10
unseen_jammer,snr_db,-6.0,a5_vimd_full,mcldnn_reimplementation,MCLDNN,585,-0.096303003799951,-0.1223799267797202,-0.0685135746977161,0.0215943974155305,-0.0998290598290598,-0.1261538461538461,-0.0751923076923077,1000,20260812,10
unseen_jammer,snr_db,-6.0,a5_vimd_full,iqformer_inspired,IQFormer,585,-0.0834814019134258,-0.1158861888962312,-0.0521992949569622,0.0296466158796937,-0.0852991452991453,-0.1147051282051282,-0.0557222222222222,1000,20260812,10
unseen_jammer,snr_db,-2.0,a5_vimd_full,a0_backbone,A0,609,0.0459282895285112,0.0243016379719141,0.0687768532364147,0.0198050895344941,0.0364532019704433,0.0169006568144499,0.057475369458128,1000,20260812,10
unseen_jammer,snr_db,-2.0,a5_vimd_full,cssl_amc_supervised_adaptation,CSSL,609,0.0461034017535883,0.0183142461062143,0.0738478702596041,0.0123790227657747,0.0438423645320197,0.0165640394088669,0.0709646962233168,1000,20260812,10
unseen_jammer,snr_db,-2.0,a5_vimd_full,mcldnn_reimplementation,MCLDNN,609,-0.1090098659044322,-0.1333098677008238,-0.0846002137785704,0.0152705273778826,-0.1175697865353037,-0.141555829228243,-0.093415435139573,1000,20260812,10
unseen_jammer,snr_db,-2.0,a5_vimd_full,iqformer_inspired,IQFormer,609,-0.1261057841067288,-0.152677780192628,-0.0996752758092053,0.0236136549037936,-0.1274220032840722,-0.1530418719211822,-0.103115763546798,1000,20260812,10
unseen_jammer,snr_db,2.0,a5_vimd_full,a0_backbone,A0,607,0.0441221329032359,0.024468032986418,0.0646220999976732,0.0180158945919739,0.0347611202635914,0.0163056013179571,0.0528912685337726,1000,20260812,10
unseen_jammer,snr_db,2.0,a5_vimd_full,cssl_amc_supervised_adaptation,CSSL,607,-0.0455157667082322,-0.0729261578295841,-0.0186765706220253,0.0171659683173248,-0.0446457990115321,-0.0715032948929159,-0.0191021416803953,1000,20260812,10
unseen_jammer,snr_db,2.0,a5_vimd_full,mcldnn_reimplementation,MCLDNN,607,-0.1583885970617389,-0.1821283032044921,-0.1347178229815934,0.0137289041323339,-0.1624382207578253,-0.18583607907743,-0.1385461285008237,1000,20260812,10
unseen_jammer,snr_db,2.0,a5_vimd_full,iqformer_inspired,IQFormer,607,-0.1679334592389624,-0.1973496977010458,-0.1398188597707975,0.0267951987258767,-0.1662273476112026,-0.1937479406919275,-0.1400288303130148,1000,20260812,10
unseen_jammer,snr_db,6.0,a5_vimd_full,a0_backbone,A0,635,0.0403212881237196,0.0195184836809135,0.0609120169262209,0.0209448845606072,0.032755905511811,0.0144881889763779,0.0508740157480314,1000,20260812,10
unseen_jammer,snr_db,6.0,a5_vimd_full,cssl_amc_supervised_adaptation,CSSL,635,-0.0811825797103864,-0.1066229422233749,-0.0569823388208379,0.0169681517941121,-0.0815748031496062,-0.1056771653543307,-0.0585787401574803,1000,20260812,10
unseen_jammer,snr_db,6.0,a5_vimd_full,mcldnn_reimplementation,MCLDNN,635,-0.1451562941838434,-0.1686646286321693,-0.1214736606056626,0.016078658089908,-0.1502362204724409,-0.1727755905511811,-0.1280275590551181,1000,20260812,10
unseen_jammer,snr_db,6.0,a5_vimd_full,iqformer_inspired,IQFormer,635,-0.1636989800916347,-0.1886418505069892,-0.1397966802802357,0.0150012989007885,-0.1566929133858267,-0.1803307086614173,-0.1343070866141732,1000,20260812,10
unseen_jammer,snr_db,10.0,a5_vimd_full,a0_backbone,A0,662,0.0347330308476118,0.0155378320697775,0.0557244725577294,0.0221943373142559,0.025226586102719,0.0077001510574018,0.043357250755287,1000,20260812,10
unseen_jammer,snr_db,10.0,a5_vimd_full,cssl_amc_supervised_adaptation,CSSL,662,-0.0966281696499997,-0.1212373602920591,-0.0706609224143789,0.0216597736659687,-0.1167673716012084,-0.1407892749244713,-0.0924395770392749,1000,20260812,10
unseen_jammer,snr_db,10.0,a5_vimd_full,mcldnn_reimplementation,MCLDNN,662,-0.1456718590351546,-0.1680008089974707,-0.1209893517638188,0.0204596500700633,-0.1685800604229607,-0.1891276435045317,-0.1459138972809667,1000,20260812,10
unseen_jammer,snr_db,10.0,a5_vimd_full,iqformer_inspired,IQFormer,662,-0.1927959441352915,-0.2183738459537573,-0.166163454077364,0.0259338063233147,-0.2077039274924471,-0.2312726586102719,-0.1829305135951661,1000,20260812,10
unseen_jammer,snr_db,14.0,a5_vimd_full,a0_backbone,A0,621,0.0447600543647194,0.027906441598069,0.0615903513155643,0.0104436032483887,0.0359098228663446,0.0202898550724637,0.052818035426731,1000,20260812,10
unseen_jammer,snr_db,14.0,a5_vimd_full,cssl_amc_supervised_adaptation,CSSL,621,-0.0857595424028646,-0.110951549805109,-0.0609943599718678,0.019894793320531,-0.088244766505636,-0.1119363929146537,-0.0645692431561996,1000,20260812,10
unseen_jammer,snr_db,14.0,a5_vimd_full,mcldnn_reimplementation,MCLDNN,621,-0.1397593046902257,-0.162618397689086,-0.1170815207575552,0.0115458838439257,-0.1460547504025764,-0.1687640901771336,-0.1241545893719806,1000,20260812,10
unseen_jammer,snr_db,14.0,a5_vimd_full,iqformer_inspired,IQFormer,621,-0.1827153959756355,-0.2074520576296436,-0.1558860139571354,0.0145660539300976,-0.1769726247987117,-0.2004911433172302,-0.1510426731078905,1000,20260812,10
unseen_jammer,snr_db,18.0,a5_vimd_full,a0_backbone,A0,644,0.0308707123694589,0.0102008148657534,0.0527692087366234,0.0258638832524885,0.0251552795031055,0.0093167701863354,0.0440993788819875,1000,20260812,10
unseen_jammer,snr_db,18.0,a5_vimd_full,cssl_amc_supervised_adaptation,CSSL,644,-0.1143104441275983,-0.1408954560973538,-0.0898554531049268,0.0174023557103246,-0.125,-0.1496933229813664,-0.1007686335403726,1000,20260812,10
unseen_jammer,snr_db,18.0,a5_vimd_full,mcldnn_reimplementation,MCLDNN,644,-0.1630678117903819,-0.1842850888596167,-0.1430528078617617,0.0135208222064498,-0.182919254658385,-0.2041964285714285,-0.1607142857142857,1000,20260812,10
unseen_jammer,snr_db,18.0,a5_vimd_full,iqformer_inspired,IQFormer,644,-0.219929821565311,-0.24457599101517,-0.1952631304928827,0.0223808900343976,-0.2274844720496894,-0.2521739130434782,-0.2041886645962732,1000,20260812,10
unseen_jammer,sir_db,-10.0,a5_vimd_full,a0_backbone,A0,983,0.0358192878306247,0.0180699862717876,0.0551912213251407,0.023166761501516,0.0287894201424211,0.0126144455747711,0.0445625635808748,1000,20260812,10
unseen_jammer,sir_db,-10.0,a5_vimd_full,cssl_amc_supervised_adaptation,CSSL,983,-0.0343333282457612,-0.0529918270401434,-0.0150591083619736,0.0145066963584131,-0.0192268565615462,-0.0388606307222787,0.0002085452695829,1000,20260812,10
unseen_jammer,sir_db,-10.0,a5_vimd_full,mcldnn_reimplementation,MCLDNN,983,-0.1380801597691322,-0.1601552618804368,-0.1148762942461371,0.0217511537033139,-0.1318413021363173,-0.1521897253306205,-0.1109816887080366,1000,20260812,10
unseen_jammer,sir_db,-10.0,a5_vimd_full,iqformer_inspired,IQFormer,983,-0.1268096195854755,-0.1482716701858926,-0.1037661208936437,0.0211894812357711,-0.1305188199389623,-0.1537207527975584,-0.1089496439471007,1000,20260812,10
unseen_jammer,sir_db,-5.0,a5_vimd_full,a0_backbone,A0,1017,0.0283435535607149,0.0078316811930797,0.0499339528255751,0.0268188235739413,0.0287118977384464,0.0105186823992133,0.0466076696165191,1000,20260812,10
unseen_jammer,sir_db,-5.0,a5_vimd_full,cssl_amc_supervised_adaptation,CSSL,1017,-0.0393342918591428,-0.0630379990249904,-0.0165077105057389,0.0209718983973759,-0.0265486725663716,-0.0500491642084562,-0.0042232055063913,1000,20260812,10
unseen_jammer,sir_db,-5.0,a5_vimd_full,mcldnn_reimplementation,MCLDNN,1017,-0.1616861182611734,-0.1822097387218766,-0.1403274662775298,0.0095518089418236,-0.1624385447394297,-0.1833824975417895,-0.1405088495575221,1000,20260812,10
unseen_jammer,sir_db,-5.0,a5_vimd_full,iqformer_inspired,IQFormer,1017,-0.1528095585963896,-0.1771435543086425,-0.1279596348250619,0.0222188076014403,-0.1578171091445427,-0.1815167158308751,-0.1343166175024582,1000,20260812,10
unseen_jammer,sir_db,0.0,a5_vimd_full,a0_backbone,A0,985,0.0259599795732138,0.0066192499298166,0.0430377675397812,0.0223334786247518,0.0202030456852791,0.0040558375634517,0.0354340101522842,1000,20260812,10
unseen_jammer,sir_db,0.0,a5_vimd_full,cssl_amc_supervised_adaptation,CSSL,985,-0.047794699755624,-0.0699040407710217,-0.024945222030297,0.0180055616841786,-0.0401015228426395,-0.0615279187817258,-0.0178629441624365,1000,20260812,10
unseen_jammer,sir_db,0.0,a5_vimd_full,mcldnn_reimplementation,MCLDNN,985,-0.1387343023519507,-0.1625415562214689,-0.1149863459076516,0.0231776483117614,-0.135228426395939,-0.1569568527918781,-0.1136015228426396,1000,20260812,10
unseen_jammer,sir_db,0.0,a5_vimd_full,iqformer_inspired,IQFormer,985,-0.1566137008724672,-0.1813263633819834,-0.1318146573571598,0.0226933733231766,-0.1540101522842639,-0.1773654822335025,-0.1308578680203045,1000,20260812,10
unseen_jammer,sir_db,5.0,a5_vimd_full,a0_backbone,A0,973,0.041741445713697,0.0249309078975592,0.0559947450508936,0.0124248406998281,0.0350462487153134,0.0191007194244604,0.0492317574511819,1000,20260812,10
unseen_jammer,sir_db,5.0,a5_vimd_full,cssl_amc_supervised_adaptation,CSSL,973,-0.0420673528117437,-0.0658526261098106,-0.0207385559867635,0.0178810319103033,-0.0323741007194244,-0.0558067831449126,-0.0105832476875642,1000,20260812,10
unseen_jammer,sir_db,5.0,a5_vimd_full,mcldnn_reimplementation,MCLDNN,973,-0.1019132259634271,-0.1215789572811398,-0.0828759955980268,0.0093454120305487,-0.1045220966084275,-0.1252877697841726,-0.0843756423432682,1000,20260812,10
unseen_jammer,sir_db,5.0,a5_vimd_full,iqformer_inspired,IQFormer,973,-0.1412878359025402,-0.1617943984053517,-0.119390442536006,0.0143523091692087,-0.1303186022610483,-0.1499563206577595,-0.1092471736896197,1000,20260812,10
unseen_jammer,sir_db,10.0,a5_vimd_full,a0_backbone,A0,1042,0.033732696226569,0.0210556666897129,0.0476138554790818,0.0115119945832573,0.0339731285988483,0.0210172744721689,0.0464563339731285,1000,20260812,10
unseen_jammer,sir_db,10.0,a5_vimd_full,cssl_amc_supervised_adaptation,CSSL,1042,-0.0735094283218904,-0.0931932684646338,-0.0544844285403338,0.0107225177996087,-0.0521113243761996,-0.0724592130518234,-0.0322456813819577,1000,20260812,10
unseen_jammer,sir_db,10.0,a5_vimd_full,mcldnn_reimplementation,MCLDNN,1042,-0.1355859153940683,-0.1539807480873452,-0.1176679809455891,0.0155768472887893,-0.1276391554702495,-0.1459692898272552,-0.1097864683301343,1000,20260812,10
unseen_jammer,sir_db,10.0,a5_vimd_full,iqformer_inspired,IQFormer,1042,-0.1831228172120551,-0.2038304620659685,-0.1622576696934254,0.0191802786625327,-0.1673704414587332,-0.1877159309021113,-0.1468258157389635,1000,20260812,10
unseen_speed,snr_db,-10.0,a5_vimd_full,a0_backbone,A0,610,0.0178062543522635,-0.0008395391764323,0.0364026801251383,0.014141637693317,0.0183606557377049,-0.0021311475409836,0.0367213114754098,1000,20260812,10
unseen_speed,snr_db,-10.0,a5_vimd_full,cssl_amc_supervised_adaptation,CSSL,610,0.0716159163367493,0.0453628048588539,0.0976965023680764,0.0207917284083121,0.0798360655737705,0.0522950819672131,0.1054139344262295,1000,20260812,10
unseen_speed,snr_db,-10.0,a5_vimd_full,mcldnn_reimplementation,MCLDNN,610,-0.0217190140090443,-0.0496824951497921,0.0047179646583763,0.0214202921014343,-0.0272131147540983,-0.0537704918032786,-0.0018032786885245,1000,20260812,10
unseen_speed,snr_db,-10.0,a5_vimd_full,iqformer_inspired,IQFormer,610,-0.0227132337173009,-0.0509342983722575,0.0047454042729368,0.0235175345369698,-0.0278688524590163,-0.0554180327868852,0.0011475409836065,1000,20260812,10
unseen_speed,snr_db,-6.0,a5_vimd_full,a0_backbone,A0,635,0.0424006177015732,0.017913568405534,0.0654072565737922,0.0211455922597371,0.038267716535433,0.0149527559055118,0.0614173228346456,1000,20260812,10
unseen_speed,snr_db,-6.0,a5_vimd_full,cssl_amc_supervised_adaptation,CSSL,635,0.1247679674985429,0.0958993477986375,0.1518844986177068,0.0131498984790428,0.1286614173228346,0.0992047244094488,0.1565354330708661,1000,20260812,10
unseen_speed,snr_db,-6.0,a5_vimd_full,mcldnn_reimplementation,MCLDNN,635,-0.0719561561913838,-0.1021005069103337,-0.0405289210917798,0.0254692842041752,-0.0768503937007874,-0.1075590551181102,-0.0448818897637795,1000,20260812,10
unseen_speed,snr_db,-6.0,a5_vimd_full,iqformer_inspired,IQFormer,635,-0.0671861788034929,-0.0967937487897792,-0.0344921008902345,0.0260110388015379,-0.0765354330708661,-0.1063070866141732,-0.0453503937007874,1000,20260812,10
unseen_speed,snr_db,-2.0,a5_vimd_full,a0_backbone,A0,626,0.0740737847862522,0.0509927035156157,0.0981946058869186,0.0207609581184889,0.0690095846645367,0.044720447284345,0.0929752396166134,1000,20260812,10
unseen_speed,snr_db,-2.0,a5_vimd_full,cssl_amc_supervised_adaptation,CSSL,626,0.0923525631390354,0.0658852795798793,0.1181220286686616,0.0168464051729357,0.097923322683706,0.0693250798722044,0.1242891373801916,1000,20260812,10
unseen_speed,snr_db,-2.0,a5_vimd_full,mcldnn_reimplementation,MCLDNN,626,-0.0796921455736285,-0.106572346465713,-0.0541462492017759,0.0118746972289977,-0.0760383386581469,-0.1028833865814696,-0.0491892971246006,1000,20260812,10
unseen_speed,snr_db,-2.0,a5_vimd_full,iqformer_inspired,IQFormer,626,-0.0975390547786373,-0.1286132020355368,-0.0693012764508742,0.0246509178096285,-0.0907348242811501,-0.1210862619808306,-0.0626198083067092,1000,20260812,10
unseen_speed,snr_db,2.0,a5_vimd_full,a0_backbone,A0,630,0.0421821953774904,0.0226825063281431,0.061035006174307,0.0193471207552988,0.0377777777777777,0.0168174603174603,0.058095238095238,1000,20260812,10
unseen_speed,snr_db,2.0,a5_vimd_full,cssl_amc_supervised_adaptation,CSSL,630,0.0022049042574065,-0.0228336154014866,0.0308447877278488,0.0231039277957241,0.0147619047619047,-0.0107936507936507,0.0446111111111111,1000,20260812,10
unseen_speed,snr_db,2.0,a5_vimd_full,mcldnn_reimplementation,MCLDNN,630,-0.1086881002056379,-0.1328758293463703,-0.0836236928261343,0.0148989044762796,-0.1007936507936508,-0.1258769841269841,-0.0753968253968253,1000,20260812,10
unseen_speed,snr_db,2.0,a5_vimd_full,iqformer_inspired,IQFormer,630,-0.1381900966065774,-0.1621804352215943,-0.112344979505272,0.0207116486699991,-0.1298412698412698,-0.1530238095238095,-0.1041230158730158,1000,20260812,10
unseen_speed,snr_db,6.0,a5_vimd_full,a0_backbone,A0,707,0.0503268341376585,0.0333733434569267,0.0669949227746237,0.0094971521281348,0.0458274398868458,0.0278606789250353,0.063511315417256,1000,20260812,10
unseen_speed,snr_db,6.0,a5_vimd_full,cssl_amc_supervised_adaptation,CSSL,707,-0.016852545126894,-0.0439227068229623,0.0098281821465267,0.019700652523422,0.0093352192362093,-0.0195190947666195,0.0370615275813295,1000,20260812,10
unseen_speed,snr_db,6.0,a5_vimd_full,mcldnn_reimplementation,MCLDNN,707,-0.1023074205217506,-0.1266942914770857,-0.077628057802191,0.0202958759155286,-0.0878359264497878,-0.113026874115983,-0.0612446958981612,1000,20260812,10
unseen_speed,snr_db,6.0,a5_vimd_full,iqformer_inspired,IQFormer,707,-0.1472630510777643,-0.1727548548829652,-0.1204609002885461,0.0187428673875045,-0.1248939179632248,-0.1507779349363507,-0.0978783592644978,1000,20260812,10
unseen_speed,snr_db,10.0,a5_vimd_full,a0_backbone,A0,592,0.0345580740239185,0.0148121537944158,0.0537622768096717,0.0226870075640841,0.031081081081081,0.0114822635135135,0.049835304054054,1000,20260812,10
unseen_speed,snr_db,10.0,a5_vimd_full,cssl_amc_supervised_adaptation,CSSL,592,-0.0134660527531925,-0.0401906503634326,0.0168119231291618,0.0167038665127334,0.0015202702702702,-0.0273648648648648,0.0309163851351351,1000,20260812,10
unseen_speed,snr_db,10.0,a5_vimd_full,mcldnn_reimplementation,MCLDNN,592,-0.0999791323909255,-0.1250963374390638,-0.0739063112447195,0.0205522894399174,-0.0910472972972972,-0.1179054054054054,-0.0635135135135135,1000,20260812,10
unseen_speed,snr_db,10.0,a5_vimd_full,iqformer_inspired,IQFormer,592,-0.1507769692456703,-0.1767717910287326,-0.1254602588409303,0.0202148869240048,-0.1393581081081081,-0.1647001689189189,-0.1135092905405405,1000,20260812,10
unseen_speed,snr_db,14.0,a5_vimd_full,a0_backbone,A0,573,0.0351860280886157,0.0172423262312487,0.0530846335713083,0.0189797389918269,0.0307155322862129,0.0115139616055846,0.048001745200698,1000,20260812,10
unseen_speed,snr_db,14.0,a5_vimd_full,cssl_amc_supervised_adaptation,CSSL,573,-0.0495304798124371,-0.0764401512299461,-0.0220253327546323,0.0134555272417794,-0.025479930191972,-0.0527094240837696,0.0022731239092495,1000,20260812,10
unseen_speed,snr_db,14.0,a5_vimd_full,mcldnn_reimplementation,MCLDNN,573,-0.1101232388109423,-0.1326171608883392,-0.0818701680483333,0.0181509424571407,-0.0999999999999999,-0.1230366492146596,-0.0741710296684118,1000,20260812,10
unseen_speed,snr_db,14.0,a5_vimd_full,iqformer_inspired,IQFormer,573,-0.1684454545211387,-0.1951391563704232,-0.1401184023568039,0.0221359736613259,-0.1499127399650959,-0.1757504363001745,-0.1226876090750436,1000,20260812,10
unseen_speed,snr_db,18.0,a5_vimd_full,a0_backbone,A0,627,0.0405641488902512,0.0268607785398452,0.0556070032986311,0.012843146038462,0.0427432216905901,0.0267942583732057,0.0604545454545454,1000,20260812,10
unseen_speed,snr_db,18.0,a5_vimd_full,cssl_amc_supervised_adaptation,CSSL,627,-0.0496209811136462,-0.0773544407036377,-0.0212198928468273,0.0164372654232707,-0.0320574162679425,-0.0609330143540669,-0.0049362041467304,1000,20260812,10
unseen_speed,snr_db,18.0,a5_vimd_full,mcldnn_reimplementation,MCLDNN,627,-0.1135765174595706,-0.1385805942356267,-0.0876938919208686,0.0181866045522184,-0.0995215311004784,-0.1263237639553429,-0.0732017543859649,1000,20260812,10
unseen_speed,snr_db,18.0,a5_vimd_full,iqformer_inspired,IQFormer,627,-0.1892839092048572,-0.2164698269471843,-0.1595185514256147,0.0261425890296738,-0.1740031897926634,-0.2023923444976076,-0.1449681020733652,1000,20260812,10
unseen_speed,sir_db,-10.0,a5_vimd_full,a0_backbone,A0,993,0.0572471170289186,0.0401212687243225,0.0743424224149432,0.0203245773554196,0.0530715005035246,0.0333308157099697,0.0727114803625377,1000,20260812,10
unseen_speed,sir_db,-10.0,a5_vimd_full,cssl_amc_supervised_adaptation,CSSL,993,0.0756424330759045,0.053256080603948,0.0968276411342102,0.0152772347066486,0.1074521651560926,0.0839828801611279,0.1312210473313192,1000,20260812,10
unseen_speed,sir_db,-10.0,a5_vimd_full,mcldnn_reimplementation,MCLDNN,993,-0.0343819750544521,-0.0586559617793142,-0.0067502487303296,0.0237001365753648,-0.0176233635448136,-0.0438091641490433,0.0110876132930513,1000,20260812,10
unseen_speed,sir_db,-10.0,a5_vimd_full,iqformer_inspired,IQFormer,993,-0.0608466321600442,-0.0861737751951485,-0.0347708059048475,0.0233106179763989,-0.0505538771399798,-0.0768403826787512,-0.023262839879154,1000,20260812,10
unseen_speed,sir_db,-5.0,a5_vimd_full,a0_backbone,A0,1021,0.0494576375394956,0.0355269869534197,0.0640460699487563,0.0090928889166451,0.0513222331047992,0.0351591576885406,0.0682786483839373,1000,20260812,10
unseen_speed,sir_db,-5.0,a5_vimd_full,cssl_amc_supervised_adaptation,CSSL,1021,0.0515790678775166,0.0300811343338214,0.0737675870169909,0.0096901908278952,0.0818805093046033,0.0589618021547502,0.1049020568070519,1000,20260812,10
unseen_speed,sir_db,-5.0,a5_vimd_full,mcldnn_reimplementation,MCLDNN,1021,-0.0579971328740723,-0.078997028614589,-0.0365996854286838,0.0111164619710234,-0.0433888344760039,-0.0654260528893241,-0.0218388834476003,1000,20260812,10
unseen_speed,sir_db,-5.0,a5_vimd_full,iqformer_inspired,IQFormer,1021,-0.085479328275661,-0.1077891747757807,-0.0608622577410581,0.0217444067050522,-0.0743388834476004,-0.098535749265426,-0.0487757100881488,1000,20260812,10
unseen_speed,sir_db,0.0,a5_vimd_full,a0_backbone,A0,996,0.0275204291476598,0.010959539097959,0.0427513717557902,0.0147982110327051,0.0262048192771084,0.0095356425702811,0.0422690763052208,1000,20260812,10
unseen_speed,sir_db,0.0,a5_vimd_full,cssl_amc_supervised_adaptation,CSSL,996,0.0017524572515765,-0.0207998595161886,0.0231709367817908,0.0077155282441257,0.0310240963855421,0.0092243975903614,0.0540261044176706,1000,20260812,10
unseen_speed,sir_db,0.0,a5_vimd_full,mcldnn_reimplementation,MCLDNN,996,-0.1043473094204121,-0.1258779015007957,-0.0846321735656895,0.0140919029621696,-0.0951807228915662,-0.115968875502008,-0.0755973895582329,1000,20260812,10
unseen_speed,sir_db,0.0,a5_vimd_full,iqformer_inspired,IQFormer,996,-0.1440468129246478,-0.1666893041234819,-0.1218346605132142,0.0159186313398526,-0.1314257028112449,-0.1537349397590361,-0.1095306224899598,1000,20260812,10
unseen_speed,sir_db,5.0,a5_vimd_full,a0_backbone,A0,1014,0.0324297125518165,0.0170258616473804,0.0467755997197348,0.0137296623659674,0.0302761341222879,0.0154807692307692,0.0453648915187376,1000,20260812,10
unseen_speed,sir_db,5.0,a5_vimd_full,cssl_amc_supervised_adaptation,CSSL,1014,-0.0206487581116912,-0.0423159453951437,0.002634077245395,0.0140632365656072,-0.0004930966469427,-0.0228846153846153,0.0220019723865877,1000,20260812,10
unseen_speed,sir_db,5.0,a5_vimd_full,mcldnn_reimplementation,MCLDNN,1014,-0.1286949308303469,-0.1512491043875103,-0.1069637352634695,0.0176479997136255,-0.1180473372781064,-0.1393540433925049,-0.0973372781065088,1000,20260812,10
unseen_speed,sir_db,5.0,a5_vimd_full,iqformer_inspired,IQFormer,1014,-0.1595263287988819,-0.1835002526586548,-0.1349322827823635,0.0197579043279662,-0.1432938856015778,-0.1665705128205128,-0.1189324457593688,1000,20260812,10
unseen_speed,sir_db,10.0,a5_vimd_full,a0_backbone,A0,976,0.0407653641582855,0.0286092471211429,0.0543743351496011,0.0093823644703298,0.0366803278688524,0.0245876024590163,0.0499001024590163,1000,20260812,10
unseen_speed,sir_db,10.0,a5_vimd_full,cssl_amc_supervised_adaptation,CSSL,976,-0.0542289452450439,-0.0757940381386982,-0.0302475460953103,0.0181234151346708,-0.0480532786885245,-0.0704918032786885,-0.0237704918032786,1000,20260812,10
unseen_speed,sir_db,10.0,a5_vimd_full,mcldnn_reimplementation,MCLDNN,976,-0.1308347965188631,-0.1513739613559969,-0.1107554010481956,0.0161978484754912,-0.1392418032786885,-0.1592238729508197,-0.1183401639344262,1000,20260812,10
unseen_speed,sir_db,10.0,a5_vimd_full,iqformer_inspired,IQFormer,976,-0.1716804759826866,-0.1948982609614119,-0.1476738106102906,0.021536185318741,-0.1718237704918032,-0.1943775614754098,-0.1487704918032786,1000,20260812,10
heldout_channel,snr_db,-10.0,a5_vimd_full,a0_backbone,A0,621,0.0098804748480151,-0.0114434153996129,0.0296952016788855,0.0198193459174713,0.0096618357487922,-0.0123993558776167,0.0294685990338164,1000,20260812,10
heldout_channel,snr_db,-10.0,a5_vimd_full,cssl_amc_supervised_adaptation,CSSL,621,0.0559742193422445,0.0290159193607592,0.0793363299957868,0.0164659505985755,0.0610305958132045,0.0342793880837359,0.0856763285024154,1000,20260812,10
heldout_channel,snr_db,-10.0,a5_vimd_full,mcldnn_reimplementation,MCLDNN,621,-0.0053664262551165,-0.028550570894277,0.0208987429607643,0.0112901127356651,-0.0049919484702093,-0.0312439613526569,0.0223872785829307,1000,20260812,10
heldout_channel,snr_db,-10.0,a5_vimd_full,iqformer_inspired,IQFormer,621,-0.0182418096009303,-0.0440646228053852,0.0068090774331035,0.0196369828398331,-0.0273752012882447,-0.0529830917874396,-0.0011272141706924,1000,20260812,10
heldout_channel,snr_db,-6.0,a5_vimd_full,a0_backbone,A0,658,0.0080192614633136,-0.0158446361236242,0.028649740323845,0.0186560240808684,0.0074468085106382,-0.015201367781155,0.0285714285714285,1000,20260812,10
heldout_channel,snr_db,-6.0,a5_vimd_full,cssl_amc_supervised_adaptation,CSSL,658,0.0722532590574837,0.0441585474296426,0.1017573467107826,0.0254286602774506,0.0800911854103343,0.0515121580547112,0.1088335866261398,1000,20260812,10
heldout_channel,snr_db,-6.0,a5_vimd_full,mcldnn_reimplementation,MCLDNN,658,-0.0720959388114638,-0.098896953321692,-0.0429159975699984,0.0179061201665913,-0.0696048632218845,-0.0968123100303951,-0.0402659574468085,1000,20260812,10
heldout_channel,snr_db,-6.0,a5_vimd_full,iqformer_inspired,IQFormer,658,-0.0822654711602235,-0.1136482388546232,-0.0510043806515532,0.0276718746441907,-0.0816109422492401,-0.1127773556231003,-0.050144376899696,1000,20260812,10
heldout_channel,snr_db,-2.0,a5_vimd_full,a0_backbone,A0,608,0.063808900872258,0.0422503020146389,0.0879615196675998,0.0181797173059659,0.0611842105263158,0.0399588815789473,0.0853618421052631,1000,20260812,10
heldout_channel,snr_db,-2.0,a5_vimd_full,cssl_amc_supervised_adaptation,CSSL,608,0.0815414268119926,0.0547599499046057,0.1122988175953212,0.0169674963028597,0.0919407894736842,0.064469572368421,0.1217146381578947,1000,20260812,10
heldout_channel,snr_db,-2.0,a5_vimd_full,mcldnn_reimplementation,MCLDNN,608,-0.0703524102332872,-0.0993750931523088,-0.0388265020870534,0.0144814516564959,-0.0636513157894737,-0.0917845394736842,-0.0348519736842105,1000,20260812,10
heldout_channel,snr_db,-2.0,a5_vimd_full,iqformer_inspired,IQFormer,608,-0.1037448622307251,-0.1321323234381257,-0.0707797116083648,0.0270576623538878,-0.0927631578947368,-0.1213980263157894,-0.0615049342105263,1000,20260812,10
heldout_channel,snr_db,2.0,a5_vimd_full,a0_backbone,A0,637,0.0433066208929418,0.0232824161133865,0.0615654617105873,0.0157188640207257,0.0348508634222919,0.0170996860282574,0.0519623233908948,1000,20260812,10
heldout_channel,snr_db,2.0,a5_vimd_full,cssl_amc_supervised_adaptation,CSSL,637,0.0298119896446137,0.0045281581766611,0.0590005876822713,0.0161242946818489,0.0357927786499215,0.0076923076923076,0.0648469387755102,1000,20260812,10
heldout_channel,snr_db,2.0,a5_vimd_full,mcldnn_reimplementation,MCLDNN,637,-0.0846079104379612,-0.10894066229565,-0.0586010504200135,0.0149070187171488,-0.0816326530612244,-0.1065973312401883,-0.0550981161695447,1000,20260812,10
heldout_channel,snr_db,2.0,a5_vimd_full,iqformer_inspired,IQFormer,637,-0.0996219373468094,-0.1238029710818622,-0.0740130164823192,0.0171009420722773,-0.0932496075353218,-0.1180572998430141,-0.0678139717425431,1000,20260812,10
heldout_channel,snr_db,6.0,a5_vimd_full,a0_backbone,A0,632,0.0376175484680235,0.0177070280482595,0.0566550474374648,0.0229992760026386,0.0363924050632911,0.0164517405063291,0.0564873417721518,1000,20260812,10
heldout_channel,snr_db,6.0,a5_vimd_full,cssl_amc_supervised_adaptation,CSSL,632,-0.0112971174982057,-0.0388259238644982,0.0167467861007727,0.017912490949147,-0.007753164556962,-0.0368789556962025,0.0213647151898734,1000,20260812,10
heldout_channel,snr_db,6.0,a5_vimd_full,mcldnn_reimplementation,MCLDNN,632,-0.0791978386597667,-0.1064892963234849,-0.0511651976566413,0.0185680303197775,-0.0849683544303797,-0.1140822784810126,-0.0585403481012658,1000,20260812,10
heldout_channel,snr_db,6.0,a5_vimd_full,iqformer_inspired,IQFormer,632,-0.1323732353944716,-0.1595289784911639,-0.1068276807769779,0.0226259895962441,-0.1324367088607595,-0.1607634493670886,-0.1050632911392405,1000,20260812,10
heldout_channel,snr_db,10.0,a5_vimd_full,a0_backbone,A0,639,0.0370670668841467,0.0209844440829268,0.0551212628106713,0.0179526251605919,0.0328638497652582,0.0170579029733959,0.0505516431924882,1000,20260812,10
heldout_channel,snr_db,10.0,a5_vimd_full,cssl_amc_supervised_adaptation,CSSL,639,-0.0263167215147559,-0.0541447128501673,-0.0004268366805233,0.0091972561414549,-0.0104851330203442,-0.0380399061032863,0.0162793427230046,1000,20260812,10
heldout_channel,snr_db,10.0,a5_vimd_full,mcldnn_reimplementation,MCLDNN,639,-0.0805978356324179,-0.1085539567901071,-0.0524045694650218,0.0239401461469325,-0.0766823161189358,-0.1043818466353677,-0.0485133020344287,1000,20260812,10
heldout_channel,snr_db,10.0,a5_vimd_full,iqformer_inspired,IQFormer,639,-0.1400993031101274,-0.1736719990068436,-0.10682972817467,0.0367789645560543,-0.1283255086071987,-0.1602503912363067,-0.0952895148669796,1000,20260812,10
heldout_channel,snr_db,14.0,a5_vimd_full,a0_backbone,A0,570,0.044172835357008,0.024144714588369,0.065084976579444,0.0217501327833401,0.0426315789473684,0.0210438596491228,0.0659824561403508,1000,20260812,10
heldout_channel,snr_db,14.0,a5_vimd_full,cssl_amc_supervised_adaptation,CSSL,570,-0.0295668329074334,-0.0559893746170423,0.0015234936566607,0.0195172110825206,-0.0073684210526315,-0.035438596491228,0.0238728070175438,1000,20260812,10
heldout_channel,snr_db,14.0,a5_vimd_full,mcldnn_reimplementation,MCLDNN,570,-0.1015699157499222,-0.12572089803436,-0.0760304017197898,0.0193964439158992,-0.0919298245614035,-0.119828947368421,-0.0619254385964912,1000,20260812,10
heldout_channel,snr_db,14.0,a5_vimd_full,iqformer_inspired,IQFormer,570,-0.147191091229086,-0.1754934980718545,-0.1179691192775469,0.0257992878940192,-0.1368421052631579,-0.1668508771929824,-0.1057894736842105,1000,20260812,10
heldout_channel,snr_db,18.0,a5_vimd_full,a0_backbone,A0,635,0.0433223929998458,0.0262414980499235,0.058109456016946,0.0147992936458083,0.0434645669291338,0.0240866141732283,0.0611062992125984,1000,20260812,10
heldout_channel,snr_db,18.0,a5_vimd_full,cssl_amc_supervised_adaptation,CSSL,635,-0.0503124416609535,-0.0793816559633046,-0.0220791513105589,0.0200541224209522,-0.0089763779527559,-0.0363779527559055,0.0185866141732283,1000,20260812,10
heldout_channel,snr_db,18.0,a5_vimd_full,mcldnn_reimplementation,MCLDNN,635,-0.1003633410821377,-0.1241928633634224,-0.0757686157075608,0.0156783429310172,-0.0741732283464567,-0.098271653543307,-0.0508622047244094,1000,20260812,10
heldout_channel,snr_db,18.0,a5_vimd_full,iqformer_inspired,IQFormer,635,-0.1626690801576774,-0.1917635963750251,-0.1323269074752884,0.0262583406910121,-0.1283464566929134,-0.1568503937007874,-0.098259842519685,1000,20260812,10
heldout_channel,sir_db,-10.0,a5_vimd_full,a0_backbone,A0,1004,0.0558219005659551,0.0405930279692536,0.0716215178903087,0.0152766903060864,0.0539840637450199,0.0358565737051792,0.0715214143426294,1000,20260812,10
heldout_channel,sir_db,-10.0,a5_vimd_full,cssl_amc_supervised_adaptation,CSSL,1004,0.0568683257883821,0.0347823746352786,0.0804860924151007,0.0157945855353184,0.0933266932270916,0.0698207171314741,0.1175323705179282,1000,20260812,10
heldout_channel,sir_db,-10.0,a5_vimd_full,mcldnn_reimplementation,MCLDNN,1004,-0.0153437194443394,-0.0367585122172442,0.0069696831360778,0.012736548994563,0.0038844621513944,-0.0178336653386454,0.0252041832669322,1000,20260812,10
heldout_channel,sir_db,-10.0,a5_vimd_full,iqformer_inspired,IQFormer,1004,-0.0497544914195616,-0.074187766325353,-0.025037486288114,0.0257888713626844,-0.0347609561752987,-0.0590662350597609,-0.0091558764940239,1000,20260812,10
heldout_channel,sir_db,-5.0,a5_vimd_full,a0_backbone,A0,1026,0.0365956001719458,0.0211596731960254,0.0534255827816942,0.0161245779133074,0.0332358674463937,0.0170540935672514,0.0508771929824561,1000,20260812,10
heldout_channel,sir_db,-5.0,a5_vimd_full,cssl_amc_supervised_adaptation,CSSL,1026,0.0440168232786745,0.0226914784260018,0.0726415114298057,0.0215013010555844,0.0783625730994152,0.0566252436647173,0.1072295321637426,1000,20260812,10
heldout_channel,sir_db,-5.0,a5_vimd_full,mcldnn_reimplementation,MCLDNN,1026,-0.0455730234956502,-0.0673343837274974,-0.0215741031007033,0.0178950693288207,-0.0259259259259259,-0.0488304093567251,-0.000777290448343,1000,20260812,10
heldout_channel,sir_db,-5.0,a5_vimd_full,iqformer_inspired,IQFormer,1026,-0.0708944869133531,-0.0950617880467291,-0.0428258749013266,0.0273903831690238,-0.0593567251461988,-0.0846076998050682,-0.0300097465886939,1000,20260812,10
heldout_channel,sir_db,0.0,a5_vimd_full,a0_backbone,A0,960,0.0249368871755884,0.0091443458497912,0.0398563921700159,0.0156191939734408,0.0251041666666666,0.0096848958333333,0.0396875,1000,20260812,10
heldout_channel,sir_db,0.0,a5_vimd_full,cssl_amc_supervised_adaptation,CSSL,960,-0.006196695064864,-0.0283230259272295,0.0151324759656865,0.0131206763813021,0.0289583333333333,0.0057291666666666,0.050734375,1000,20260812,10
heldout_channel,sir_db,0.0,a5_vimd_full,mcldnn_reimplementation,MCLDNN,960,-0.0972524909604936,-0.1202408862648671,-0.0756284745279996,0.0159739853686666,-0.0803125,-0.1041692708333333,-0.0583177083333333,1000,20260812,10
heldout_channel,sir_db,0.0,a5_vimd_full,iqformer_inspired,IQFormer,960,-0.1275773084193392,-0.153814158694793,-0.101657270059502,0.0247143866550467,-0.1086458333333333,-0.1342734375,-0.0843697916666666,1000,20260812,10
heldout_channel,sir_db,5.0,a5_vimd_full,a0_backbone,A0,999,0.0235578167509275,0.0090152941975821,0.0377229716182914,0.0117418513995064,0.0212212212212212,0.0078078078078078,0.0343443443443443,1000,20260812,10
heldout_channel,sir_db,5.0,a5_vimd_full,cssl_amc_supervised_adaptation,CSSL,999,-0.0225785124504677,-0.0450425090061845,-0.0001553776579169,0.0109459633640788,-0.0139139139139139,-0.0359434434434434,0.0078128128128128,1000,20260812,10
heldout_channel,sir_db,5.0,a5_vimd_full,mcldnn_reimplementation,MCLDNN,999,-0.1147012037147493,-0.1374163701426529,-0.0927754029327944,0.017985378032223,-0.1132132132132132,-0.1349374374374374,-0.0931856856856856,1000,20260812,10
heldout_channel,sir_db,5.0,a5_vimd_full,iqformer_inspired,IQFormer,999,-0.1541695822671394,-0.1777766125236716,-0.1315598088698756,0.0178057524115764,-0.1495495495495495,-0.1714714714714715,-0.1283158158158158,1000,20260812,10
heldout_channel,sir_db,10.0,a5_vimd_full,a0_backbone,A0,1011,0.0345688714320614,0.0193074370127042,0.0522449471167975,0.016774543139559,0.0322453016815034,0.016320474777448,0.049564787339268,1000,20260812,10
heldout_channel,sir_db,10.0,a5_vimd_full,cssl_amc_supervised_adaptation,CSSL,1011,-0.0445119172893265,-0.0669817712339674,-0.0230078514036142,0.0138947583361105,-0.0397626112759643,-0.0622181008902077,-0.0175049455984174,1000,20260812,10
heldout_channel,sir_db,10.0,a5_vimd_full,mcldnn_reimplementation,MCLDNN,1011,-0.1207853015911559,-0.1395147589572599,-0.1013371674065881,0.0109735656599064,-0.1274975272007912,-0.147482690405539,-0.1058333333333333,1000,20260812,10
heldout_channel,sir_db,10.0,a5_vimd_full,iqformer_inspired,IQFormer,1011,-0.1591020790203576,-0.1820194141245089,-0.1353416113311364,0.0205173610327273,-0.1604352126607319,-0.1834841740850643,-0.1368941641938674,1000,20260812,10
combined_ood,snr_db,-10.0,a5_vimd_full,a0_backbone,A0,644,0.024195432490755,0.00419517488933,0.0441422725254713,0.0185950418715903,0.0254658385093167,0.0059006211180124,0.0444099378881987,1000,20260812,10
combined_ood,snr_db,-10.0,a5_vimd_full,cssl_amc_supervised_adaptation,CSSL,644,0.035137306388557,0.011482834189356,0.0623613871979409,0.0197896579762515,0.0470496894409937,0.0214285714285714,0.074848602484472,1000,20260812,10
combined_ood,snr_db,-10.0,a5_vimd_full,mcldnn_reimplementation,MCLDNN,644,-0.0333943474478534,-0.0566829184047249,-0.0089678239899591,0.0183007250001181,-0.0381987577639751,-0.0646001552795031,-0.0099301242236024,1000,20260812,10
combined_ood,snr_db,-10.0,a5_vimd_full,iqformer_inspired,IQFormer,644,-0.0464343020053519,-0.073256920478951,-0.0185996826143819,0.0255181368636509,-0.061335403726708,-0.0860287267080745,-0.0343167701863354,1000,20260812,10
combined_ood,snr_db,-6.0,a5_vimd_full,a0_backbone,A0,644,0.0166274314691725,-0.0031135497600835,0.0371415615374511,0.0173532107844573,0.0127329192546583,-0.0072981366459627,0.0349378881987577,1000,20260812,10
combined_ood,snr_db,-6.0,a5_vimd_full,cssl_amc_supervised_adaptation,CSSL,644,0.0741242700306869,0.048220524112506,0.1025302056638085,0.014942464412296,0.0838509316770186,0.0576009316770186,0.1110248447204968,1000,20260812,10
combined_ood,snr_db,-6.0,a5_vimd_full,mcldnn_reimplementation,MCLDNN,644,-0.0992945294096207,-0.1273936399759782,-0.0714951829661953,0.0230432554924979,-0.1043478260869565,-0.1327678571428571,-0.0771622670807453,1000,20260812,10
combined_ood,snr_db,-6.0,a5_vimd_full,iqformer_inspired,IQFormer,644,-0.1128315790131212,-0.1407837711167532,-0.083959796379047,0.0233796583335202,-0.1190993788819875,-0.1492274844720496,-0.0908346273291925,1000,20260812,10
combined_ood,snr_db,-2.0,a5_vimd_full,a0_backbone,A0,638,0.0391072317952073,0.0146893629122865,0.0637380938001167,0.0295241577819708,0.0311912225705329,0.0082993730407523,0.0556426332288401,1000,20260812,10
combined_ood,snr_db,-2.0,a5_vimd_full,cssl_amc_supervised_adaptation,CSSL,638,0.0256670555714884,-0.0044108475961197,0.0550668322484952,0.0266968743786487,0.0092476489028213,-0.0199098746081504,0.0379349529780564,1000,20260812,10
combined_ood,snr_db,-2.0,a5_vimd_full,mcldnn_reimplementation,MCLDNN,638,-0.1268158084634805,-0.1547992752547281,-0.0969928890388919,0.027600709869937,-0.1449843260188087,-0.1728879310344827,-0.1156739811912225,1000,20260812,10
combined_ood,snr_db,-2.0,a5_vimd_full,iqformer_inspired,IQFormer,638,-0.1338851309541424,-0.1618582042228538,-0.1045194420095843,0.0229195321051553,-0.1446708463949843,-0.1746120689655172,-0.1148902821316614,1000,20260812,10
combined_ood,snr_db,2.0,a5_vimd_full,a0_backbone,A0,607,0.0479371408884824,0.0265826491392174,0.0712380761280597,0.0269437285987659,0.0385502471169687,0.0200988467874794,0.0589827018121911,1000,20260812,10
combined_ood,snr_db,2.0,a5_vimd_full,cssl_amc_supervised_adaptation,CSSL,607,-0.0314847719537761,-0.0546378800602789,-0.0067499919839184,0.0163613494324027,-0.0311367380560131,-0.0535420098846787,-0.0077429983525535,1000,20260812,10
combined_ood,snr_db,2.0,a5_vimd_full,mcldnn_reimplementation,MCLDNN,607,-0.1464641454000065,-0.1714395860868671,-0.1224745491169475,0.0199378190034321,-0.1556836902800659,-0.1800658978583195,-0.1321210873146623,1000,20260812,10
combined_ood,snr_db,2.0,a5_vimd_full,iqformer_inspired,IQFormer,607,-0.1530212979716384,-0.182299080184897,-0.1236238152644933,0.0264778032748084,-0.1523887973640856,-0.1785996705107083,-0.1250288303130148,1000,20260812,10
combined_ood,snr_db,6.0,a5_vimd_full,a0_backbone,A0,621,0.042147043505942,0.0255884248057229,0.0613892998237179,0.015347213340888,0.0328502415458937,0.0167431561996779,0.0507286634460547,1000,20260812,10
combined_ood,snr_db,6.0,a5_vimd_full,cssl_amc_supervised_adaptation,CSSL,621,-0.0950752949724601,-0.1198701360766993,-0.0695059910208709,0.0205215770394607,-0.0974235104669886,-0.1217431561996779,-0.0729388083735909,1000,20260812,10
combined_ood,snr_db,6.0,a5_vimd_full,mcldnn_reimplementation,MCLDNN,621,-0.175885376776903,-0.2001204342127615,-0.149921379287111,0.0217557297607756,-0.1834138486312399,-0.2059621578099839,-0.1598953301127214,1000,20260812,10
combined_ood,snr_db,6.0,a5_vimd_full,iqformer_inspired,IQFormer,621,-0.2040324041046486,-0.2277943308855185,-0.18100269957696,0.0160842503103321,-0.1990338164251207,-0.2198107890499195,-0.177121578099839,1000,20260812,10
combined_ood,snr_db,10.0,a5_vimd_full,a0_backbone,A0,616,0.0508342100150107,0.0287062628966206,0.0754556960985852,0.0252178505746697,0.0391233766233766,0.0215827922077922,0.0599107142857142,1000,20260812,10
combined_ood,snr_db,10.0,a5_vimd_full,cssl_amc_supervised_adaptation,CSSL,616,-0.096270043764699,-0.1223716793329558,-0.067312072466728,0.0195638281103389,-0.0972402597402597,-0.1207832792207792,-0.0707711038961039,1000,20260812,10
combined_ood,snr_db,10.0,a5_vimd_full,mcldnn_reimplementation,MCLDNN,616,-0.1588637380428825,-0.1850452872294741,-0.1340581715185178,0.0202159755782583,-0.1663961038961038,-0.1886444805194805,-0.1430194805194805,1000,20260812,10
combined_ood,snr_db,10.0,a5_vimd_full,iqformer_inspired,IQFormer,616,-0.2028818332921999,-0.2340965455107331,-0.1699312646688916,0.0373797996155294,-0.2006493506493506,-0.228575487012987,-0.171590909090909,1000,20260812,10
combined_ood,snr_db,14.0,a5_vimd_full,a0_backbone,A0,635,0.031637807383402,0.0131314065532799,0.0534177508672365,0.0191052739316592,0.024251968503937,0.008503937007874,0.0417440944881889,1000,20260812,10
combined_ood,snr_db,14.0,a5_vimd_full,cssl_amc_supervised_adaptation,CSSL,635,-0.0936246017125234,-0.1199939388542663,-0.0676579551051491,0.0204817407119354,-0.1103937007874015,-0.1352795275590551,-0.0853464566929134,1000,20260812,10
combined_ood,snr_db,14.0,a5_vimd_full,mcldnn_reimplementation,MCLDNN,635,-0.1528014094144887,-0.1775895242435256,-0.1285287714369233,0.0214389648202295,-0.175275590551181,-0.1974842519685039,-0.1530669291338582,1000,20260812,10
combined_ood,snr_db,14.0,a5_vimd_full,iqformer_inspired,IQFormer,635,-0.2043632488619152,-0.2311247147501451,-0.1762271826106323,0.0253061722997373,-0.2105511811023622,-0.2345,-0.1834606299212598,1000,20260812,10
combined_ood,snr_db,18.0,a5_vimd_full,a0_backbone,A0,595,0.0504339771423511,0.0303233572845077,0.0709906193645086,0.0231175231285882,0.0443697478991596,0.0267184873949579,0.062016806722689,1000,20260812,10
combined_ood,snr_db,18.0,a5_vimd_full,cssl_amc_supervised_adaptation,CSSL,595,-0.0736177722989424,-0.0986593105198893,-0.0492671763338549,0.0146339834624409,-0.080672268907563,-0.1055462184873949,-0.0561344537815126,1000,20260812,10
combined_ood,snr_db,18.0,a5_vimd_full,mcldnn_reimplementation,MCLDNN,595,-0.1485786191798762,-0.1742254413392688,-0.123281878975117,0.0175690239664232,-0.1596638655462185,-0.1838739495798319,-0.1356302521008403,1000,20260812,10
combined_ood,snr_db,18.0,a5_vimd_full,iqformer_inspired,IQFormer,595,-0.1970597858069555,-0.2269972185823602,-0.1645017998119483,0.0320461897567714,-0.1942857142857142,-0.2200042016806723,-0.1653529411764706,1000,20260812,10
combined_ood,sir_db,-10.0,a5_vimd_full,a0_backbone,A0,995,0.0460330697255188,0.0261716168489778,0.0658152525605978,0.024352992516043,0.0397989949748743,0.0192939698492462,0.0593994974874371,1000,20260812,10
combined_ood,sir_db,-10.0,a5_vimd_full,cssl_amc_supervised_adaptation,CSSL,995,-0.038844047405979,-0.0586680454099346,-0.0190325143249326,0.0120299848908798,-0.0255276381909547,-0.0465351758793969,-0.0054246231155778,1000,20260812,10
combined_ood,sir_db,-10.0,a5_vimd_full,mcldnn_reimplementation,MCLDNN,995,-0.1354406789776534,-0.1593579632799981,-0.1123100285905539,0.0236075472646944,-0.1334673366834171,-0.1563894472361809,-0.1116557788944723,1000,20260812,10
combined_ood,sir_db,-10.0,a5_vimd_full,iqformer_inspired,IQFormer,995,-0.1212578803428802,-0.143473016332388,-0.0976178524147572,0.0211555465615508,-0.1244221105527638,-0.1485477386934673,-0.1020075376884422,1000,20260812,10
combined_ood,sir_db,-5.0,a5_vimd_full,a0_backbone,A0,1019,0.041980771406768,0.0213937620166821,0.0617331245305491,0.0243264697660337,0.0424926398429833,0.0253091265947006,0.0606501472031403,1000,20260812,10
combined_ood,sir_db,-5.0,a5_vimd_full,cssl_amc_supervised_adaptation,CSSL,1019,-0.0339416173554529,-0.0556767533651958,-0.0134852848937686,0.014154161633845,-0.0145240431795878,-0.0360230618253189,0.0060868498527968,1000,20260812,10
combined_ood,sir_db,-5.0,a5_vimd_full,mcldnn_reimplementation,MCLDNN,1019,-0.1517703575924208,-0.1740711946854329,-0.1318608815028178,0.018547259354869,-0.1515210991167811,-0.1719357212953876,-0.1311064769381746,1000,20260812,10
combined_ood,sir_db,-5.0,a5_vimd_full,iqformer_inspired,IQFormer,1019,-0.1495464115837304,-0.1726594349036861,-0.1262386194072613,0.0209628893649461,-0.1554465161923454,-0.1771368989205103,-0.1334641805691855,1000,20260812,10
combined_ood,sir_db,0.0,a5_vimd_full,a0_backbone,A0,1012,0.0222058909627497,0.0038971345330623,0.0422862198673431,0.0227897166595076,0.0213438735177865,0.0059239130434782,0.0380434782608695,1000,20260812,10
combined_ood,sir_db,0.0,a5_vimd_full,cssl_amc_supervised_adaptation,CSSL,1012,-0.036605071849783,-0.0580867530090903,-0.0149127185803737,0.0165488325334186,-0.0237154150197628,-0.0424950592885375,-0.0046442687747035,1000,20260812,10
combined_ood,sir_db,0.0,a5_vimd_full,mcldnn_reimplementation,MCLDNN,1012,-0.144580810939203,-0.1650325095877164,-0.1239017346103459,0.01844979575775,-0.1413043478260869,-0.161074604743083,-0.1217366600790513,1000,20260812,10
combined_ood,sir_db,0.0,a5_vimd_full,iqformer_inspired,IQFormer,1012,-0.1641732741254131,-0.1894261177895298,-0.1385186923479045,0.0236236335751252,-0.1620553359683794,-0.1855780632411067,-0.1386338932806324,1000,20260812,10
combined_ood,sir_db,5.0,a5_vimd_full,a0_backbone,A0,981,0.0334797197087344,0.017547846907919,0.049366870142392,0.0164538846854759,0.0253822629969419,0.0102905198776758,0.0408766564729867,1000,20260812,10
combined_ood,sir_db,5.0,a5_vimd_full,cssl_amc_supervised_adaptation,CSSL,981,-0.0564110497996693,-0.0799226917936092,-0.0353579358096453,0.0135666783737968,-0.0453618756371049,-0.0684021406727828,-0.0248700305810397,1000,20260812,10
combined_ood,sir_db,5.0,a5_vimd_full,mcldnn_reimplementation,MCLDNN,981,-0.1352181006524201,-0.1584798602895347,-0.1133970766272261,0.0206004909228216,-0.1330275229357798,-0.1558690112130479,-0.1111009174311926,1000,20260812,10
combined_ood,sir_db,5.0,a5_vimd_full,iqformer_inspired,IQFormer,981,-0.1796211088197029,-0.2039742066390609,-0.1554991892146048,0.0195028837142447,-0.1713557594291539,-0.1960270132517839,-0.1478083588175331,1000,20260812,10
combined_ood,sir_db,10.0,a5_vimd_full,a0_backbone,A0,993,0.0241702269593411,0.0085848944781846,0.0384302510027037,0.0148017810383265,0.0249748237663645,0.0102693856998992,0.0386732124874118,1000,20260812,10
combined_ood,sir_db,10.0,a5_vimd_full,cssl_amc_supervised_adaptation,CSSL,993,-0.0765087623004722,-0.0977705262011472,-0.0540578538547475,0.0141070277542867,-0.0589123867069486,-0.080171198388721,-0.0365533736153071,1000,20260812,10
combined_ood,sir_db,10.0,a5_vimd_full,mcldnn_reimplementation,MCLDNN,993,-0.1404934675153617,-0.1608866776361432,-0.1213207986326466,0.015473198437673,-0.1417925478348439,-0.1617346424974823,-0.1226586102719033,1000,20260812,10
combined_ood,sir_db,10.0,a5_vimd_full,iqformer_inspired,IQFormer,993,-0.1968859219496301,-0.2199736649949501,-0.1719684484061601,0.0221229560355959,-0.1844914400805639,-0.207250755287009,-0.1598187311178248,1000,20260812,10
clean_retention,snr_db,-10.0,a5_vimd_full,a0_backbone,A0,641,0.0056130335722768,-0.0149910095484999,0.0266923767710554,0.0244307169059593,0.0076443057722308,-0.014984399375975,0.0307449297971918,1000,20260812,10
clean_retention,snr_db,-10.0,a5_vimd_full,cssl_amc_supervised_adaptation,CSSL,641,0.0388601113630062,0.0164963594948,0.0621225944623456,0.0162342338151469,0.0808112324492979,0.0572308892355694,0.1056201248049922,1000,20260812,10
clean_retention,snr_db,-10.0,a5_vimd_full,mcldnn_reimplementation,MCLDNN,641,-0.0451101399657492,-0.0699136090554119,-0.0208774708149094,0.0208472187646097,-0.0251170046801872,-0.0516419656786271,0.0023634945397815,1000,20260812,10
clean_retention,snr_db,-10.0,a5_vimd_full,iqformer_inspired,IQFormer,641,-0.0370055025869981,-0.0610704446130843,-0.010969045081119,0.0253023649025638,-0.0282371294851794,-0.052890015600624,-0.0009243369734789,1000,20260812,10
clean_retention,snr_db,-6.0,a5_vimd_full,a0_backbone,A0,608,0.0306313442710762,0.00876639374344,0.0533707842667652,0.0263718173750633,0.0271381578947368,0.0054194078947368,0.0496874999999999,1000,20260812,10
clean_retention,snr_db,-6.0,a5_vimd_full,cssl_amc_supervised_adaptation,CSSL,608,0.0573174045657662,0.029291820142355,0.0850127794356804,0.0202004130116326,0.1072368421052631,0.076969572368421,0.1358552631578947,1000,20260812,10
clean_retention,snr_db,-6.0,a5_vimd_full,mcldnn_reimplementation,MCLDNN,608,-0.1269877055081687,-0.1566350745515983,-0.0988840171272311,0.0298498228765348,-0.1037828947368421,-0.1319161184210526,-0.0774506578947368,1000,20260812,10
clean_retention,snr_db,-6.0,a5_vimd_full,iqformer_inspired,IQFormer,608,-0.1270736988522982,-0.1584733423707487,-0.0971798424019944,0.030214678269927,-0.1146381578947368,-0.1458881578947368,-0.0871669407894736,1000,20260812,10
clean_retention,snr_db,-2.0,a5_vimd_full,a0_backbone,A0,592,0.0617274460435856,0.042630393146722,0.0815172270379643,0.0202044953000359,0.054054054054054,0.0314189189189189,0.0765202702702702,1000,20260812,10
clean_retention,snr_db,-2.0,a5_vimd_full,cssl_amc_supervised_adaptation,CSSL,592,0.0049427067142918,-0.0220493893522999,0.0326600545773333,0.0232247184826234,0.0351351351351351,0.0089527027027027,0.0628378378378378,1000,20260812,10
clean_retention,snr_db,-2.0,a5_vimd_full,mcldnn_reimplementation,MCLDNN,592,-0.1341095003910261,-0.1563577138608674,-0.1098246912406322,0.017828542476035,-0.1346283783783783,-0.1598015202702702,-0.1116511824324324,1000,20260812,10
clean_retention,snr_db,-2.0,a5_vimd_full,iqformer_inspired,IQFormer,592,-0.1598898888081559,-0.1836261189142813,-0.1350161136193946,0.0174482609698628,-0.1577702702702703,-0.1837880067567567,-0.1325929054054054,1000,20260812,10
clean_retention,snr_db,2.0,a5_vimd_full,a0_backbone,A0,566,0.0424879057099906,0.0285694449214744,0.0579122596626883,0.0150570815799232,0.0487632508833922,0.0303798586572438,0.066077738515901,1000,20260812,10
clean_retention,snr_db,2.0,a5_vimd_full,cssl_amc_supervised_adaptation,CSSL,566,-0.1214498534688544,-0.1444250222658889,-0.0989312283645354,0.0207807346984868,-0.0657243816254417,-0.0911704946996466,-0.0413383392226148,1000,20260812,10
clean_retention,snr_db,2.0,a5_vimd_full,mcldnn_reimplementation,MCLDNN,566,-0.1778712401154897,-0.1947885810596817,-0.1588742868765007,0.0182366528658558,-0.1323321554770318,-0.1528356890459364,-0.1116563604240282,1000,20260812,10
clean_retention,snr_db,2.0,a5_vimd_full,iqformer_inspired,IQFormer,566,-0.2093258598307606,-0.2304233181689809,-0.1876619679083727,0.0219277345913785,-0.1537102473498233,-0.1768551236749116,-0.1300353356890459,1000,20260812,10
clean_retention,snr_db,6.0,a5_vimd_full,a0_backbone,A0,607,0.0285894181852209,0.0176604683521071,0.039188087212007,0.0132289987745103,0.0398682042833607,0.0243780889621087,0.0548640856672158,1000,20260812,10
clean_retention,snr_db,6.0,a5_vimd_full,cssl_amc_supervised_adaptation,CSSL,607,-0.1618189018708962,-0.1790835425243026,-0.1441534127393733,0.0149550624963617,-0.1054365733113674,-0.1238879736408566,-0.0881342668863262,1000,20260812,10
clean_retention,snr_db,6.0,a5_vimd_full,mcldnn_reimplementation,MCLDNN,607,-0.1664872609210552,-0.1807036364976953,-0.1539058909498008,0.013622099044641,-0.128830313014827,-0.143002471169687,-0.1174546952224052,1000,20260812,10
clean_retention,snr_db,6.0,a5_vimd_full,iqformer_inspired,IQFormer,607,-0.2229701127976058,-0.2370515895515562,-0.2087771931529777,0.0149595245012856,-0.1762767710049423,-0.1915980230642504,-0.1619439868204283,1000,20260812,10
clean_retention,snr_db,10.0,a5_vimd_full,a0_backbone,A0,653,0.0247922218458802,0.018287066976618,0.0317817903294063,0.0033705240167172,0.0375191424196018,0.0271056661562021,0.0483920367534456,1000,20260812,10
clean_retention,snr_db,10.0,a5_vimd_full,cssl_amc_supervised_adaptation,CSSL,653,-0.1768700310840089,-0.1902874042137319,-0.163862609250913,0.0036718764509251,-0.1300153139356815,-0.1447166921898928,-0.1166807044410413,1000,20260812,10
clean_retention,snr_db,10.0,a5_vimd_full,mcldnn_reimplementation,MCLDNN,653,-0.1566371473397871,-0.1647709206451627,-0.1497789979988717,0.0057931152053497,-0.1407350689127105,-0.1523813169984686,-0.1295558958652373,1000,20260812,10
clean_retention,snr_db,10.0,a5_vimd_full,iqformer_inspired,IQFormer,653,-0.2457384449817634,-0.2588295936886744,-0.2315791621682735,0.0170624257584454,-0.2070444104134762,-0.2234418070444104,-0.190042113323124,1000,20260812,10
clean_retention,snr_db,14.0,a5_vimd_full,a0_backbone,A0,692,0.0252473400198012,0.0172128516724589,0.034025830342483,0.009485917170333,0.038150289017341,0.0247073699421965,0.0517485549132947,1000,20260812,10
clean_retention,snr_db,14.0,a5_vimd_full,cssl_amc_supervised_adaptation,CSSL,692,-0.1757437254266264,-0.1902150752824389,-0.1618162541305142,0.0124999349664164,-0.1111271676300578,-0.1261560693641618,-0.0965317919075144,1000,20260812,10
clean_retention,snr_db,14.0,a5_vimd_full,mcldnn_reimplementation,MCLDNN,692,-0.1566677701134493,-0.1658636113326105,-0.1477912215266361,0.007039060452537,-0.1215317919075144,-0.1323699421965318,-0.1115606936416185,1000,20260812,10
clean_retention,snr_db,14.0,a5_vimd_full,iqformer_inspired,IQFormer,692,-0.2471498724065931,-0.2596855898040783,-0.2323723199777751,0.0195516532787714,-0.1958092485549133,-0.2114234104046242,-0.1783200867052023,1000,20260812,10
clean_retention,snr_db,18.0,a5_vimd_full,a0_backbone,A0,641,0.0217750286158221,0.0142310347090194,0.0288212464737529,0.0063381559251245,0.0335413416536661,0.0219929797191887,0.0452418096723869,1000,20260812,10
clean_retention,snr_db,18.0,a5_vimd_full,cssl_amc_supervised_adaptation,CSSL,641,-0.1849662071532224,-0.2009081550062229,-0.1689937356370445,0.0146869800627899,-0.1304212168486739,-0.1458658346333853,-0.1155889235569422,1000,20260812,10
clean_retention,snr_db,18.0,a5_vimd_full,mcldnn_reimplementation,MCLDNN,641,-0.1547198689727609,-0.1636059569699058,-0.1463902888164583,0.005650341441972,-0.1297971918876755,-0.1396294851794071,-0.1209048361934477,1000,20260812,10
clean_retention,snr_db,18.0,a5_vimd_full,iqformer_inspired,IQFormer,641,-0.25204249471247,-0.2633824171934976,-0.239918855971126,0.0167348702362094,-0.2026521060842434,-0.2173166926677067,-0.1890756630265211,1000,20260812,10
