model,model_short,regime,coverage,accuracy_mean,accuracy_seed_ci_low,accuracy_seed_ci_high,aurc_mean,ece_raw_mean,ece_calibrated_mean
a0_backbone,A0,hard_interference,0.1,0.9944,0.9913989093895992,0.9974010906104007,0.28892412067503037,0.038854986399710176,0.054625050806105135
a0_backbone,A0,hard_interference,0.2,0.9724999999999999,0.9680613271281394,0.9769386728718604,0.28892412067503037,0.038854986399710176,0.054625050806105135
a0_backbone,A0,hard_interference,0.3,0.8872666666666665,0.8760519135425463,0.8984814197907868,0.28892412067503037,0.038854986399710176,0.054625050806105135
a0_backbone,A0,hard_interference,0.5,0.6697599999999999,0.6600487420036959,0.6794712579963039,0.28892412067503037,0.038854986399710176,0.054625050806105135
a0_backbone,A0,hard_interference,0.7,0.5424571428571429,0.5342758464251784,0.5506384392891073,0.28892412067503037,0.038854986399710176,0.054625050806105135
a0_backbone,A0,hard_interference,0.9,0.4617555555555556,0.45526897329256794,0.46824213781854324,0.28892412067503037,0.038854986399710176,0.054625050806105135
a0_backbone,A0,hard_interference,1.0,0.42872000000000005,0.4226196462786015,0.4348203537213986,0.28892412067503037,0.038854986399710176,0.054625050806105135
a0_backbone,A0,id_test,0.1,0.9992000000000001,0.9981996364631999,1.0002003635368004,0.20262957681885294,0.025706077795326708,0.030712361562252044
a0_backbone,A0,id_test,0.2,0.9978,0.9969206313603213,0.9986793686396788,0.20262957681885294,0.025706077795326708,0.030712361562252044
a0_backbone,A0,id_test,0.3,0.977,0.9744940439099954,0.9795059560900046,0.20262957681885294,0.025706077795326708,0.030712361562252044
a0_backbone,A0,id_test,0.5,0.794,0.788430211549929,0.7995697884500711,0.20262957681885294,0.025706077795326708,0.030712361562252044
a0_backbone,A0,id_test,0.7,0.6574571428571429,0.6509877711972728,0.6639265145170129,0.20262957681885294,0.025706077795326708,0.030712361562252044
a0_backbone,A0,id_test,0.9,0.5658666666666666,0.5602837863204984,0.5714495470128349,0.20262957681885294,0.025706077795326708,0.030712361562252044
a0_backbone,A0,id_test,1.0,0.5266200000000001,0.5217376287032639,0.5315023712967363,0.20262957681885294,0.025706077795326708,0.030712361562252044
a0_backbone,A0,combined_ood,0.1,0.9994,0.9987088995711556,1.0000911004288444,0.2776631855927235,0.044693780193328855,0.05822075059294701
a0_backbone,A0,combined_ood,0.2,0.9896999999999998,0.9878514178488181,0.9915485821511815,0.2776631855927235,0.044693780193328855,0.05822075059294701
a0_backbone,A0,combined_ood,0.3,0.9113333333333333,0.902597311075825,0.9200693555908417,0.2776631855927235,0.044693780193328855,0.05822075059294701
a0_backbone,A0,combined_ood,0.5,0.68196,0.6744249676248361,0.689495032375164,0.2776631855927235,0.044693780193328855,0.05822075059294701
a0_backbone,A0,combined_ood,0.7,0.5532571428571429,0.5476125221269736,0.5589017635873121,0.2776631855927235,0.044693780193328855,0.05822075059294701
a0_backbone,A0,combined_ood,0.9,0.468711111111111,0.4642816282692597,0.4731405939529623,0.2776631855927235,0.044693780193328855,0.05822075059294701
a0_backbone,A0,combined_ood,1.0,0.43338,0.4289417370677967,0.4378182629322033,0.2776631855927235,0.044693780193328855,0.05822075059294701
a0_backbone,A0,clean_retention,0.1,1.0,1.0,1.0,0.19124847438664072,0.09776033625513315,0.11376135160058735
a0_backbone,A0,clean_retention,0.2,0.9997,0.999217170888055,1.0001828291119452,0.19124847438664072,0.09776033625513315,0.11376135160058735
a0_backbone,A0,clean_retention,0.3,0.9968666666666668,0.9956139407552911,0.9981193925780425,0.19124847438664072,0.09776033625513315,0.11376135160058735
a0_backbone,A0,clean_retention,0.5,0.8176399999999999,0.8122167747071255,0.8230632252928743,0.19124847438664072,0.09776033625513315,0.11376135160058735
a0_backbone,A0,clean_retention,0.7,0.6625428571428571,0.6563095352893233,0.6687761789963909,0.19124847438664072,0.09776033625513315,0.11376135160058735
a0_backbone,A0,clean_retention,0.9,0.5676444444444444,0.5619322952192836,0.5733565936696052,0.19124847438664072,0.09776033625513315,0.11376135160058735
a0_backbone,A0,clean_retention,1.0,0.5267199999999999,0.5218573500672896,0.5315826499327101,0.19124847438664072,0.09776033625513315,0.11376135160058735
a5_vimd_full,A5-VIMD,hard_interference,0.1,0.9938,0.9918394637921931,0.9957605362078069,0.24464514793030467,0.04966037522241472,0.06512992870762943
a5_vimd_full,A5-VIMD,hard_interference,0.2,0.9850000000000001,0.9817479441793125,0.9882520558206876,0.24464514793030467,0.04966037522241472,0.06512992870762943
a5_vimd_full,A5-VIMD,hard_interference,0.3,0.9439333333333334,0.9340941134048218,0.953772553261845,0.24464514793030467,0.04966037522241472,0.06512992870762943
a5_vimd_full,A5-VIMD,hard_interference,0.5,0.7385200000000001,0.7292008886597581,0.7478391113402421,0.24464514793030467,0.04966037522241472,0.06512992870762943
a5_vimd_full,A5-VIMD,hard_interference,0.7,0.5982571428571428,0.5892530204168563,0.6072612652974293,0.24464514793030467,0.04966037522241472,0.06512992870762943
a5_vimd_full,A5-VIMD,hard_interference,0.9,0.5069111111111111,0.4991209663569996,0.5147012558652226,0.24464514793030467,0.04966037522241472,0.06512992870762943
a5_vimd_full,A5-VIMD,hard_interference,1.0,0.47104000000000007,0.4633042015827445,0.47877579841725565,0.24464514793030467,0.04966037522241472,0.06512992870762943
a5_vimd_full,A5-VIMD,id_test,0.1,1.0,1.0,1.0,0.1605840178603252,0.02808369000315667,0.028268744554072616
a5_vimd_full,A5-VIMD,id_test,0.2,0.9996,0.9992305912822017,0.9999694087177984,0.1605840178603252,0.02808369000315667,0.028268744554072616
a5_vimd_full,A5-VIMD,id_test,0.3,0.9944000000000001,0.9929569749633396,0.9958430250366606,0.1605840178603252,0.02808369000315667,0.028268744554072616
a5_vimd_full,A5-VIMD,id_test,0.5,0.86152,0.8559816610244104,0.8670583389755895,0.1605840178603252,0.02808369000315667,0.028268744554072616
a5_vimd_full,A5-VIMD,id_test,0.7,0.7239714285714286,0.7200619148104668,0.7278809423323904,0.1605840178603252,0.02808369000315667,0.028268744554072616
a5_vimd_full,A5-VIMD,id_test,0.9,0.6243555555555556,0.6207968133011371,0.627914297809974,0.1605840178603252,0.02808369000315667,0.028268744554072616
a5_vimd_full,A5-VIMD,id_test,1.0,0.5799,0.5762002221541312,0.5835997778458687,0.1605840178603252,0.02808369000315667,0.028268744554072616
a5_vimd_full,A5-VIMD,combined_ood,0.1,0.9987999999999999,0.9977996364631997,0.9998003635368001,0.2457879860671502,0.05289288925349713,0.06711302445530892
a5_vimd_full,A5-VIMD,combined_ood,0.2,0.9972,0.9964611825644034,0.9979388174355965,0.2457879860671502,0.05289288925349713,0.06711302445530892
a5_vimd_full,A5-VIMD,combined_ood,0.3,0.9524666666666667,0.9458163596888661,0.9591169736444672,0.2457879860671502,0.05289288925349713,0.06711302445530892
a5_vimd_full,A5-VIMD,combined_ood,0.5,0.73144,0.7278024963004621,0.7350775036995378,0.2457879860671502,0.05289288925349713,0.06711302445530892
a5_vimd_full,A5-VIMD,combined_ood,0.7,0.593857142857143,0.5893397588101915,0.5983745269040944,0.2457879860671502,0.05289288925349713,0.06711302445530892
a5_vimd_full,A5-VIMD,combined_ood,0.9,0.5014444444444444,0.4969094370729943,0.5059794518158944,0.2457879860671502,0.05289288925349713,0.06711302445530892
a5_vimd_full,A5-VIMD,combined_ood,1.0,0.46421999999999997,0.4600583685456689,0.46838163145433104,0.2457879860671502,0.05289288925349713,0.06711302445530892
a5_vimd_full,A5-VIMD,clean_retention,0.1,1.0,1.0,1.0,0.16620989098660957,0.11739809471473098,0.1381145836177468
a5_vimd_full,A5-VIMD,clean_retention,0.2,0.9999,0.9996737842837146,1.0001262157162853,0.16620989098660957,0.11739809471473098,0.1381145836177468
a5_vimd_full,A5-VIMD,clean_retention,0.3,0.9982,0.9961512211762608,1.0002487788237393,0.16620989098660957,0.11739809471473098,0.1381145836177468
a5_vimd_full,A5-VIMD,clean_retention,0.5,0.8552800000000002,0.8496504244516663,0.860909575548334,0.16620989098660957,0.11739809471473098,0.1381145836177468
a5_vimd_full,A5-VIMD,clean_retention,0.7,0.7094,0.7038605867052483,0.7149394132947517,0.16620989098660957,0.11739809471473098,0.1381145836177468
a5_vimd_full,A5-VIMD,clean_retention,0.9,0.607288888888889,0.6026707174764843,0.6119070603012937,0.16620989098660957,0.11739809471473098,0.1381145836177468
a5_vimd_full,A5-VIMD,clean_retention,1.0,0.5622399999999999,0.5577243404196773,0.5667556595803224,0.16620989098660957,0.11739809471473098,0.1381145836177468
cssl_amc_supervised_adaptation,CSSL,hard_interference,0.1,0.9187999999999998,0.911719933934736,0.9258800660652636,0.38284900081002704,0.17810852951824666,0.08046303154200315
cssl_amc_supervised_adaptation,CSSL,hard_interference,0.2,0.8394,0.829848802047647,0.8489511979523531,0.38284900081002704,0.17810852951824666,0.08046303154200315
cssl_amc_supervised_adaptation,CSSL,hard_interference,0.3,0.7297333333333335,0.7190500078569355,0.7404166588097314,0.38284900081002704,0.17810852951824666,0.08046303154200315
cssl_amc_supervised_adaptation,CSSL,hard_interference,0.5,0.5697599999999999,0.5646196851030241,0.5749003148969758,0.38284900081002704,0.17810852951824666,0.08046303154200315
cssl_amc_supervised_adaptation,CSSL,hard_interference,0.7,0.47619999999999996,0.47142312552395393,0.480976874476046,0.38284900081002704,0.17810852951824666,0.08046303154200315
cssl_amc_supervised_adaptation,CSSL,hard_interference,0.9,0.4121777777777778,0.4076387167468999,0.41671683880865573,0.38284900081002704,0.17810852951824666,0.08046303154200315
cssl_amc_supervised_adaptation,CSSL,hard_interference,1.0,0.38766000000000006,0.38284583758360957,0.39247416241639055,0.38284900081002704,0.17810852951824666,0.08046303154200315
cssl_amc_supervised_adaptation,CSSL,id_test,0.1,0.9906,0.9864397077146415,0.9947602922853586,0.22061416285432572,0.10617528354257347,0.06848716158896685
cssl_amc_supervised_adaptation,CSSL,id_test,0.2,0.9788,0.9747002843639182,0.9828997156360818,0.22061416285432572,0.10617528354257347,0.06848716158896685
cssl_amc_supervised_adaptation,CSSL,id_test,0.3,0.938,0.9325300153001449,0.943469984699855,0.22061416285432572,0.10617528354257347,0.06848716158896685
cssl_amc_supervised_adaptation,CSSL,id_test,0.5,0.7741600000000001,0.7671715004007237,0.7811484995992765,0.22061416285432572,0.10617528354257347,0.06848716158896685
cssl_amc_supervised_adaptation,CSSL,id_test,0.7,0.6451999999999999,0.6402002242910516,0.6501997757089482,0.22061416285432572,0.10617528354257347,0.06848716158896685
cssl_amc_supervised_adaptation,CSSL,id_test,0.9,0.5526666666666666,0.5469945727308028,0.5583387606025305,0.22061416285432572,0.10617528354257347,0.06848716158896685
cssl_amc_supervised_adaptation,CSSL,id_test,1.0,0.5154400000000001,0.5101634433227493,0.5207165566772509,0.22061416285432572,0.10617528354257347,0.06848716158896685
cssl_amc_supervised_adaptation,CSSL,combined_ood,0.1,0.9818000000000001,0.9766436929539623,0.986956307046038,0.24394589728612354,0.1122961869865656,0.06880067223131656
cssl_amc_supervised_adaptation,CSSL,combined_ood,0.2,0.9581000000000002,0.9496394784462205,0.9665605215537798,0.24394589728612354,0.1122961869865656,0.06880067223131656
cssl_amc_supervised_adaptation,CSSL,combined_ood,0.3,0.9019333333333333,0.8936595004062613,0.9102071662604052,0.24394589728612354,0.1122961869865656,0.06880067223131656
cssl_amc_supervised_adaptation,CSSL,combined_ood,0.5,0.7437199999999999,0.7378526389551917,0.7495873610448082,0.24394589728612354,0.1122961869865656,0.06880067223131656
cssl_amc_supervised_adaptation,CSSL,combined_ood,0.7,0.6213714285714286,0.6171060817545831,0.625636775388274,0.24394589728612354,0.1122961869865656,0.06880067223131656
cssl_amc_supervised_adaptation,CSSL,combined_ood,0.9,0.5328666666666667,0.5295741098170327,0.5361592235163007,0.24394589728612354,0.1122961869865656,0.06880067223131656
cssl_amc_supervised_adaptation,CSSL,combined_ood,1.0,0.49766000000000005,0.4946816935199595,0.5006383064800406,0.24394589728612354,0.1122961869865656,0.06880067223131656
cssl_amc_supervised_adaptation,CSSL,clean_retention,0.1,0.991,0.987610956024761,0.994389043975239,0.13720936073539017,0.09630657764256001,0.08731695997118948
cssl_amc_supervised_adaptation,CSSL,clean_retention,0.2,0.9906000000000003,0.9871908825384145,0.994009117461586,0.13720936073539017,0.09630657764256001,0.08731695997118948
cssl_amc_supervised_adaptation,CSSL,clean_retention,0.3,0.9875333333333334,0.9832086385493852,0.9918580281172815,0.13720936073539017,0.09630657764256001,0.08731695997118948
cssl_amc_supervised_adaptation,CSSL,clean_retention,0.5,0.9180399999999999,0.9130922210327365,0.9229877789672633,0.13720936073539017,0.09630657764256001,0.08731695997118948
cssl_amc_supervised_adaptation,CSSL,clean_retention,0.7,0.7672285714285714,0.7642092088171913,0.7702479340399514,0.13720936073539017,0.09630657764256001,0.08731695997118948
cssl_amc_supervised_adaptation,CSSL,clean_retention,0.9,0.6510222222222223,0.6474445938865461,0.6545998505578985,0.13720936073539017,0.09630657764256001,0.08731695997118948
cssl_amc_supervised_adaptation,CSSL,clean_retention,1.0,0.6039999999999999,0.600317011757001,0.6076829882429987,0.13720936073539017,0.09630657764256001,0.08731695997118948
mcldnn_reimplementation,MCLDNN,hard_interference,0.1,0.9962,0.9937265242602339,0.9986734757397661,0.23477407571904058,0.05997023780077695,0.07938993999585509
mcldnn_reimplementation,MCLDNN,hard_interference,0.2,0.9937000000000001,0.9922673004635258,0.9951326995364744,0.23477407571904058,0.05997023780077695,0.07938993999585509
mcldnn_reimplementation,MCLDNN,hard_interference,0.3,0.9673333333333334,0.9629508824589833,0.9717157842076835,0.23477407571904058,0.05997023780077695,0.07938993999585509
mcldnn_reimplementation,MCLDNN,hard_interference,0.5,0.75764,0.7504814093074869,0.7647985906925131,0.23477407571904058,0.05997023780077695,0.07938993999585509
mcldnn_reimplementation,MCLDNN,hard_interference,0.7,0.6055714285714286,0.5977794877111654,0.6133633694316919,0.23477407571904058,0.05997023780077695,0.07938993999585509
mcldnn_reimplementation,MCLDNN,hard_interference,0.9,0.5063333333333333,0.501066682728657,0.5115999839380097,0.23477407571904058,0.05997023780077695,0.07938993999585509
mcldnn_reimplementation,MCLDNN,hard_interference,1.0,0.46875999999999995,0.4640250313182625,0.4734949686817374,0.23477407571904058,0.05997023780077695,0.07938993999585509
mcldnn_reimplementation,MCLDNN,id_test,0.1,0.9982000000000001,0.9963591235186728,1.0000408764813273,0.10259548586835691,0.0550989887097478,0.023127425669729716
mcldnn_reimplementation,MCLDNN,id_test,0.2,0.9974999999999999,0.995676190588591,0.9993238094114089,0.10259548586835691,0.0550989887097478,0.023127425669729716
mcldnn_reimplementation,MCLDNN,id_test,0.3,0.9971333333333332,0.9950969264755236,0.9991697401911428,0.10259548586835691,0.0550989887097478,0.023127425669729716
mcldnn_reimplementation,MCLDNN,id_test,0.5,0.9575199999999999,0.9529700201504677,0.9620699798495321,0.10259548586835691,0.0550989887097478,0.023127425669729716
mcldnn_reimplementation,MCLDNN,id_test,0.7,0.8282571428571428,0.8233951305986887,0.8331191551155969,0.10259548586835691,0.0550989887097478,0.023127425669729716
mcldnn_reimplementation,MCLDNN,id_test,0.9,0.7110222222222223,0.705121001311264,0.7169234431331807,0.10259548586835691,0.0550989887097478,0.023127425669729716
mcldnn_reimplementation,MCLDNN,id_test,1.0,0.6581400000000001,0.6526462535359099,0.6636337464640902,0.10259548586835691,0.0550989887097478,0.023127425669729716
mcldnn_reimplementation,MCLDNN,combined_ood,0.1,0.999,0.997988332561614,1.0000116674383859,0.12881499152345355,0.05129287417620419,0.06064743784070015
mcldnn_reimplementation,MCLDNN,combined_ood,0.2,0.999,0.9978815595647512,1.0001184404352488,0.12881499152345355,0.05129287417620419,0.06064743784070015
mcldnn_reimplementation,MCLDNN,combined_ood,0.3,0.9979333333333333,0.9964685813137018,0.9993980853529649,0.12881499152345355,0.05129287417620419,0.06064743784070015
mcldnn_reimplementation,MCLDNN,combined_ood,0.5,0.9315999999999999,0.9247259532186669,0.9384740467813328,0.12881499152345355,0.05129287417620419,0.06064743784070015
mcldnn_reimplementation,MCLDNN,combined_ood,0.7,0.7724285714285715,0.7640068231261448,0.7808503197309982,0.12881499152345355,0.05129287417620419,0.06064743784070015
mcldnn_reimplementation,MCLDNN,combined_ood,0.9,0.6552666666666667,0.6487629651607543,0.6617703681725791,0.12881499152345355,0.05129287417620419,0.06064743784070015
mcldnn_reimplementation,MCLDNN,combined_ood,1.0,0.6045200000000001,0.5987310774003386,0.6103089225996615,0.12881499152345355,0.05129287417620419,0.06064743784070015
mcldnn_reimplementation,MCLDNN,clean_retention,0.1,0.9996,0.9989967580899056,1.0002032419100946,0.0877627015203969,0.07963705539613963,0.08668537990093231
mcldnn_reimplementation,MCLDNN,clean_retention,0.2,0.9996,0.9990998182315999,1.0001001817684,0.0877627015203969,0.07963705539613963,0.08668537990093231
mcldnn_reimplementation,MCLDNN,clean_retention,0.3,0.9996666666666666,0.9993294441872046,1.0000038891461285,0.0877627015203969,0.07963705539613963,0.08668537990093231
mcldnn_reimplementation,MCLDNN,clean_retention,0.5,0.99652,0.9904559183874521,1.0025840816125478,0.0877627015203969,0.07963705539613963,0.08668537990093231
mcldnn_reimplementation,MCLDNN,clean_retention,0.7,0.8464,0.8442842610763354,0.8485157389236647,0.0877627015203969,0.07963705539613963,0.08668537990093231
mcldnn_reimplementation,MCLDNN,clean_retention,0.9,0.7323999999999999,0.7298867154741336,0.7349132845258662,0.0877627015203969,0.07963705539613963,0.08668537990093231
mcldnn_reimplementation,MCLDNN,clean_retention,1.0,0.67648,0.6737778398282072,0.6791821601717928,0.0877627015203969,0.07963705539613963,0.08668537990093231
iqformer_inspired,IQFormer,hard_interference,0.1,0.9928000000000001,0.9890327554789105,0.9965672445210898,0.2226463217737072,0.08153456386893988,0.10269044245749712
iqformer_inspired,IQFormer,hard_interference,0.2,0.9846,0.9749069799164172,0.9942930200835829,0.2226463217737072,0.08153456386893988,0.10269044245749712
iqformer_inspired,IQFormer,hard_interference,0.3,0.9486000000000001,0.9297618321586146,0.9674381678413856,0.2226463217737072,0.08153456386893988,0.10269044245749712
iqformer_inspired,IQFormer,hard_interference,0.5,0.778,0.7530513702391831,0.8029486297608169,0.2226463217737072,0.08153456386893988,0.10269044245749712
iqformer_inspired,IQFormer,hard_interference,0.7,0.6364571428571428,0.6161235181565319,0.6567907675577538,0.2226463217737072,0.08153456386893988,0.10269044245749712
iqformer_inspired,IQFormer,hard_interference,0.9,0.5354000000000001,0.5185345384882308,0.5522654615117694,0.2226463217737072,0.08153456386893988,0.10269044245749712
iqformer_inspired,IQFormer,hard_interference,1.0,0.4953,0.4799424499171443,0.5106575500828557,0.2226463217737072,0.08153456386893988,0.10269044245749712
iqformer_inspired,IQFormer,id_test,0.1,0.998,0.9964918952247639,0.9995081047752361,0.08694255351373945,0.042870535719990735,0.026083752547204492
iqformer_inspired,IQFormer,id_test,0.2,0.9982000000000001,0.9971996364631999,0.9992003635368003,0.08694255351373945,0.042870535719990735,0.026083752547204492
iqformer_inspired,IQFormer,id_test,0.3,0.9980666666666667,0.9971275425921705,0.9990057907411628,0.08694255351373945,0.042870535719990735,0.026083752547204492
iqformer_inspired,IQFormer,id_test,0.5,0.9608399999999999,0.9483903598694564,0.9732896401305434,0.08694255351373945,0.042870535719990735,0.026083752547204492
iqformer_inspired,IQFormer,id_test,0.7,0.8635428571428572,0.8486918728111581,0.8783938414745562,0.08694255351373945,0.042870535719990735,0.026083752547204492
iqformer_inspired,IQFormer,id_test,0.9,0.748511111111111,0.7360451814991872,0.7609770407230348,0.08694255351373945,0.042870535719990735,0.026083752547204492
iqformer_inspired,IQFormer,id_test,1.0,0.6952,0.6840172225882954,0.7063827774117046,0.08694255351373945,0.042870535719990735,0.026083752547204492
iqformer_inspired,IQFormer,combined_ood,0.1,0.9982,0.9966254923898984,0.9997745076101016,0.12028851066149966,0.05229122563302517,0.0651093408213556
iqformer_inspired,IQFormer,combined_ood,0.2,0.9984,0.9978998182315998,0.9989001817684001,0.12028851066149966,0.05229122563302517,0.0651093408213556
iqformer_inspired,IQFormer,combined_ood,0.3,0.9978,0.9972470282490802,0.9983529717509199,0.12028851066149966,0.05229122563302517,0.0651093408213556
iqformer_inspired,IQFormer,combined_ood,0.5,0.93896,0.9295765337921025,0.9483434662078976,0.12028851066149966,0.05229122563302517,0.0651093408213556
iqformer_inspired,IQFormer,combined_ood,0.7,0.7918571428571429,0.7806792767559481,0.8030350089583378,0.12028851066149966,0.05229122563302517,0.0651093408213556
iqformer_inspired,IQFormer,combined_ood,0.9,0.6745555555555556,0.6649912256527636,0.6841198854583476,0.12028851066149966,0.05229122563302517,0.0651093408213556
iqformer_inspired,IQFormer,combined_ood,1.0,0.62372,0.6146620259249539,0.6327779740750462,0.12028851066149966,0.05229122563302517,0.0651093408213556
iqformer_inspired,IQFormer,clean_retention,0.1,1.0,1.0,1.0,0.06619988470725365,0.051306628375351424,0.057338942021429515
iqformer_inspired,IQFormer,clean_retention,0.2,1.0,1.0,1.0,0.06619988470725365,0.051306628375351424,0.057338942021429515
iqformer_inspired,IQFormer,clean_retention,0.3,0.9999333333333332,0.9997825228558096,1.0000841438108568,0.06619988470725365,0.051306628375351424,0.057338942021429515
iqformer_inspired,IQFormer,clean_retention,0.5,0.9997199999999999,0.9994168746917051,1.0000231253082947,0.06619988470725365,0.051306628375351424,0.057338942021429515
iqformer_inspired,IQFormer,clean_retention,0.7,0.8977142857142859,0.8911873775547718,0.9042411938738,0.06619988470725365,0.051306628375351424,0.057338942021429515
iqformer_inspired,IQFormer,clean_retention,0.9,0.7772222222222223,0.7713281190053786,0.783116325439066,0.06619988470725365,0.051306628375351424,0.057338942021429515
iqformer_inspired,IQFormer,clean_retention,1.0,0.7173999999999999,0.7119653796038743,0.7228346203961256,0.06619988470725365,0.051306628375351424,0.057338942021429515
