probe_version,file,model,algorithm_seed,design,frozen_head_macro_f1,conclusion,probe_macro_f1_linear,probe_high_order_linear,probe_macro_f1_mlp,probe_high_order_mlp,validity
v1,clean_probe_a0_backbone_seed17.json,a0_backbone,17,counterfactual_x_minus_jammer,0.47040035793580975,representation_limited,0.5075527057179874,0.1642388506147857,,,"confounded: pre-AGC jammer subtracted from post-AGC mixture, no renormalisation"
v1,clean_probe_a0_backbone_seed29.json,a0_backbone,29,counterfactual_x_minus_jammer,0.47737586829160056,representation_limited,0.5148006578629246,0.16393681652490888,,,"confounded: pre-AGC jammer subtracted from post-AGC mixture, no renormalisation"
v1,clean_probe_a0_backbone_seed43.json,a0_backbone,43,counterfactual_x_minus_jammer,0.47819697926945376,representation_limited,0.5243581995895055,0.1623053328366921,,,"confounded: pre-AGC jammer subtracted from post-AGC mixture, no renormalisation"
v1,clean_probe_a5_vimd_full_seed17.json,a5_vimd_full,17,counterfactual_x_minus_jammer,0.5065754041637058,representation_limited,0.539881835456804,0.16349233984701964,,,"confounded: pre-AGC jammer subtracted from post-AGC mixture, no renormalisation"
v1,clean_probe_a5_vimd_full_seed29.json,a5_vimd_full,29,counterfactual_x_minus_jammer,0.4993299793550676,representation_limited,0.5447193833310366,0.20670034121795325,,,"confounded: pre-AGC jammer subtracted from post-AGC mixture, no renormalisation"
v1,clean_probe_a5_vimd_full_seed43.json,a5_vimd_full,43,counterfactual_x_minus_jammer,0.5008264171782413,representation_limited,0.5447859385208653,0.1871618572557738,,,"confounded: pre-AGC jammer subtracted from post-AGC mixture, no renormalisation"
v2,probe_counterfactual_a0_backbone_seed17.json,a0_backbone,17,counterfactual,0.47040035793580975,representation_limited,0.5082181773729484,0.1925141043072236,0.5064391414182278,0.21760478553970794,valid
v2,probe_counterfactual_a0_backbone_seed29.json,a0_backbone,29,counterfactual,0.47737586829160056,representation_limited,0.5180645515362119,0.1964087022160069,0.5128154765310569,0.23373573354967925,valid
v2,probe_counterfactual_a0_backbone_seed43.json,a0_backbone,43,counterfactual,0.47819697926945376,representation_limited,0.5278730013648489,0.22321475492981846,0.5213289264743821,0.20354481638330704,valid
v2,probe_counterfactual_a5_vimd_full_seed17.json,a5_vimd_full,17,counterfactual,0.5065754041637058,representation_limited,0.5561243591635028,0.23984482277160854,0.5483200504077403,0.21920440898842855,valid
v2,probe_counterfactual_a5_vimd_full_seed29.json,a5_vimd_full,29,counterfactual,0.4993299793550676,representation_limited,0.552369320994249,0.23500899805872014,0.5403330864334246,0.2197848787489869,valid
v2,probe_counterfactual_a5_vimd_full_seed43.json,a5_vimd_full,43,counterfactual,0.5008264171782413,representation_limited,0.5494075292496676,0.22537645566525846,0.5444378491591839,0.2048527886798892,valid
v2,probe_counterfactual_cssl_amc_supervised_adaptation_seed17.json,cssl_amc_supervised_adaptation,17,counterfactual,0.6040382765144794,information_present_head_limited,0.6096145781185267,0.4284022188540275,0.6163719778683598,0.4291058237564547,valid
v2,probe_counterfactual_cssl_amc_supervised_adaptation_seed29.json,cssl_amc_supervised_adaptation,29,counterfactual,0.6052923771709537,information_present_head_limited,0.6163073925279263,0.45959132633480754,0.6283025310000679,0.45215820383637645,valid
v2,probe_counterfactual_cssl_amc_supervised_adaptation_seed43.json,cssl_amc_supervised_adaptation,43,counterfactual,0.6092682046704339,information_present_head_limited,0.605754052761703,0.4274884139836288,0.619600369877986,0.4340771588871537,valid
v2,probe_counterfactual_iqformer_inspired_seed17.json,iqformer_inspired,17,counterfactual,0.6839151370750394,information_present_head_limited,0.7256697085736205,0.5537390201165576,0.7189773878649236,0.5099379126257916,valid
v2,probe_counterfactual_iqformer_inspired_seed29.json,iqformer_inspired,29,counterfactual,0.6862668984730853,information_present_head_limited,0.7202394306397112,0.5352187803513883,0.7266080540970654,0.5634910283027476,valid
v2,probe_counterfactual_iqformer_inspired_seed43.json,iqformer_inspired,43,counterfactual,0.6903601543574883,information_present_head_limited,0.7260187592033549,0.5541110429183824,0.7149729727867193,0.5506244633735303,valid
v2,probe_counterfactual_mcldnn_reimplementation_seed17.json,mcldnn_reimplementation,17,counterfactual,0.6509523171178497,information_present_head_limited,0.6848018710930913,0.4509581334342692,0.6894674508882682,0.5048843075715065,valid
v2,probe_counterfactual_mcldnn_reimplementation_seed29.json,mcldnn_reimplementation,29,counterfactual,0.647568600446276,information_present_head_limited,0.6828678018600478,0.4392681711099263,0.6609413484845472,0.45088777236680944,valid
v2,probe_counterfactual_mcldnn_reimplementation_seed43.json,mcldnn_reimplementation,43,counterfactual,0.6427999425236829,information_present_head_limited,0.6775412860988929,0.43502526731476077,0.661594928391873,0.4037748388058904,valid
v2,probe_cv_a0_backbone_seed17.json,a0_backbone,17,cv,0.47040035793580975,representation_limited,0.5059014056137137,0.19475398113033776,0.5018345914221767,0.20259814716662533,valid
v2,probe_cv_a0_backbone_seed29.json,a0_backbone,29,cv,0.47737586829160056,representation_limited,0.5200738011120596,0.22246970663464496,0.5029384826442895,0.2102631363880741,valid
v2,probe_cv_a0_backbone_seed43.json,a0_backbone,43,cv,0.47819697926945376,representation_limited,0.5190824148166481,0.20124811052374736,0.5206103611937284,0.20108787808147283,valid
v2,probe_cv_a5_vimd_full_seed17.json,a5_vimd_full,17,cv,0.5065754041637058,representation_limited,0.5541175039095834,0.23809026496876223,0.5465561833192341,0.2446832692000464,valid
v2,probe_cv_a5_vimd_full_seed29.json,a5_vimd_full,29,cv,0.4993299793550676,representation_limited,0.5524693563638274,0.22637237027890147,0.5481038652280594,0.23582676985732948,valid
v2,probe_cv_a5_vimd_full_seed43.json,a5_vimd_full,43,cv,0.5008264171782413,information_present_head_limited,0.561688333361089,0.2685906999024149,0.5537160069400775,0.2557942942788878,valid
v2,probe_cv_cssl_amc_supervised_adaptation_seed17.json,cssl_amc_supervised_adaptation,17,cv,0.6040382765144794,information_present_head_limited,0.6189385203228064,0.38137588370662845,0.6199731843900167,0.35873823404716937,valid
v2,probe_cv_cssl_amc_supervised_adaptation_seed29.json,cssl_amc_supervised_adaptation,29,cv,0.6052923771709537,information_present_head_limited,0.6209836704405584,0.40689966269356226,0.6362991885595758,0.41088869904527564,valid
v2,probe_cv_cssl_amc_supervised_adaptation_seed43.json,cssl_amc_supervised_adaptation,43,cv,0.6092682046704339,information_present_head_limited,0.6253225880910677,0.41088297200433743,0.6335462869214419,0.42037639653879866,valid
v2,probe_cv_iqformer_inspired_seed17.json,iqformer_inspired,17,cv,0.6839151370750394,information_present_head_limited,0.7298701502121727,0.5758599658112888,0.7236782063703219,0.5851498352469936,valid
v2,probe_cv_iqformer_inspired_seed29.json,iqformer_inspired,29,cv,0.6862668984730853,information_present_head_limited,0.725710943730609,0.5479706892968745,0.7247026354429476,0.5318131446463964,valid
v2,probe_cv_iqformer_inspired_seed43.json,iqformer_inspired,43,cv,0.6903601543574883,information_present_head_limited,0.7267136191405379,0.5621574286961072,0.7181935942406286,0.5623676869927938,valid
v2,probe_cv_mcldnn_reimplementation_seed17.json,mcldnn_reimplementation,17,cv,0.6509523171178497,information_present_head_limited,0.6864511539032809,0.44921113766441545,0.6781072264237529,0.43702818569038426,valid
v2,probe_cv_mcldnn_reimplementation_seed29.json,mcldnn_reimplementation,29,cv,0.647568600446276,information_present_head_limited,0.6858205529708592,0.4587487097719388,0.6680100889629491,0.4191367288759672,valid
v2,probe_cv_mcldnn_reimplementation_seed43.json,mcldnn_reimplementation,43,cv,0.6427999425236829,information_present_head_limited,0.6779706979484548,0.42403946798079417,0.6511161068692279,0.35036744954567434,valid
